username,profile_url
losescritosdedavid,https://www.instagram.com/losescritosdedavid/
lavidaendrama,https://www.instagram.com/lavidaendrama/
aroalovesreading,https://www.instagram.com/aroalovesreading/
aity.books,https://www.instagram.com/aity.books/
guiasdcultura,https://www.instagram.com/guiasdcultura/
loslibrosdeandrea,https://www.instagram.com/loslibrosdeandrea/
julia_books04,https://www.instagram.com/julia_books04/
samantavuks,https://www.instagram.com/samantavuks/
entrepaginasymundos,https://www.instagram.com/entrepaginasymundos/
biblionita,https://www.instagram.com/biblionita/
uda_liburuartean,https://www.instagram.com/uda_liburuartean/
paquitosalas2,https://www.instagram.com/paquitosalas2/
elvisisreading,https://www.instagram.com/elvisisreading/
booksbyhoneydukes,https://www.instagram.com/booksbyhoneydukes/
leercomopetitpleasure,https://www.instagram.com/leercomopetitpleasure/
the.bookis.girl,https://www.instagram.com/the.bookis.girl/
gemss_ps,https://www.instagram.com/gemss_ps/
luciawrotehere,https://www.instagram.com/luciawrotehere/
momitalectora,https://www.instagram.com/momitalectora/
i.bookstagrammer,https://www.instagram.com/i.bookstagrammer/
nicolas.diez.barros,https://www.instagram.com/nicolas.diez.barros/
oxodiaxoias,https://www.instagram.com/oxodiaxoias/
siescribo,https://www.instagram.com/siescribo/
eternal_autumnabooks,https://www.instagram.com/eternal_autumnabooks/
refugio_entre_libros_y_cafe,https://www.instagram.com/refugio_entre_libros_y_cafe/
unlibroconvino,https://www.instagram.com/unlibroconvino/
soyrociosierrabooks,https://www.instagram.com/soyrociosierrabooks/
velariaabooks,https://www.instagram.com/velariaabooks/
callmereader_,https://www.instagram.com/callmereader_/
labibliotecadelorena_,https://www.instagram.com/labibliotecadelorena_/
concubinachilena,https://www.instagram.com/concubinachilena/
carlabookish,https://www.instagram.com/carlabookish/
rosamariaceja,https://www.instagram.com/rosamariaceja/
lexa.libros_11,https://www.instagram.com/lexa.libros_11/
bookss.ale,https://www.instagram.com/bookss.ale/
read.is.wonder,https://www.instagram.com/read.is.wonder/
mskarmaisabook,https://www.instagram.com/mskarmaisabook/
loslibrosdemirii,https://www.instagram.com/loslibrosdemirii/
rustibook,https://www.instagram.com/rustibook/
andreabooks15,https://www.instagram.com/andreabooks15/
paulitabooks,https://www.instagram.com/paulitabooks/
elenaa.reads,https://www.instagram.com/elenaa.reads/
_cecibooks_,https://www.instagram.com/_cecibooks_/
sergio_metaloide,https://www.instagram.com/sergio_metaloide/
lyzbooklover,https://www.instagram.com/lyzbooklover/
mariaponcefantasy,https://www.instagram.com/mariaponcefantasy/
sorayacortes.coach,https://www.instagram.com/sorayacortes.coach/
liaa_books,https://www.instagram.com/liaa_books/
itsandreabooks,https://www.instagram.com/itsandreabooks/
un.amor.inesperado,https://www.instagram.com/un.amor.inesperado/
inesmontblanc,https://www.instagram.com/inesmontblanc/
libroterapeuta,https://www.instagram.com/libroterapeuta/
booksmagic22,https://www.instagram.com/booksmagic22/
julss.books_,https://www.instagram.com/julss.books_/
eli.bookss,https://www.instagram.com/eli.bookss/
booklomer,https://www.instagram.com/booklomer/
emer_lyyy,https://www.instagram.com/emer_lyyy/
libros_books_gdl,https://www.instagram.com/libros_books_gdl/
between_books_and_dragons,https://www.instagram.com/between_books_and_dragons/
katylea_books,https://www.instagram.com/katylea_books/
_books.tea,https://www.instagram.com/_books.tea/
literariobosque,https://www.instagram.com/literariobosque/
paw.books,https://www.instagram.com/paw.books/
elmicrofonodelazaro,https://www.instagram.com/elmicrofonodelazaro/
butterboooks,https://www.instagram.com/butterboooks/
henrybrooks.novela,https://www.instagram.com/henrybrooks.novela/
josedommart,https://www.instagram.com/josedommart/
cathartic.shop,https://www.instagram.com/cathartic.shop/
yai_book21,https://www.instagram.com/yai_book21/
bookcornerbyjudith,https://www.instagram.com/bookcornerbyjudith/
patritasbooks,https://www.instagram.com/patritasbooks/
marien_libros79,https://www.instagram.com/marien_libros79/
cajadepandora.crochet,https://www.instagram.com/cajadepandora.crochet/
teen.readers_,https://www.instagram.com/teen.readers_/
solo_un_capitulo,https://www.instagram.com/solo_un_capitulo/
carlaaa_.books,https://www.instagram.com/carlaaa_.books/
_arenas_sergio,https://www.instagram.com/_arenas_sergio/
ninasarmchair,https://www.instagram.com/ninasarmchair/
booksbyvaleen,https://www.instagram.com/booksbyvaleen/
berriesbella02,https://www.instagram.com/berriesbella02/
mimuymiabooks,https://www.instagram.com/mimuymiabooks/
carlobooks,https://www.instagram.com/carlobooks/
n_aufragos,https://www.instagram.com/n_aufragos/
ivory_hawkethrone,https://www.instagram.com/ivory_hawkethrone/
rincondepatrii,https://www.instagram.com/rincondepatrii/
beatrizscozyreadingnook,https://www.instagram.com/beatrizscozyreadingnook/
entrelineasyparentesis,https://www.instagram.com/entrelineasyparentesis/
boo.kscoffe,https://www.instagram.com/boo.kscoffe/
camimibooks,https://www.instagram.com/camimibooks/
livroslivreslibros,https://www.instagram.com/livroslivreslibros/
lee.con.lau,https://www.instagram.com/lee.con.lau/
galloway_reads,https://www.instagram.com/galloway_reads/
paseoentrelibros,https://www.instagram.com/paseoentrelibros/
chiqui__books,https://www.instagram.com/chiqui__books/
matilda_cozy_books,https://www.instagram.com/matilda_cozy_books/
labibliotecadecarolina,https://www.instagram.com/labibliotecadecarolina/
librosyotrosdilemas,https://www.instagram.com/librosyotrosdilemas/
elizabeth_sea_escritora,https://www.instagram.com/elizabeth_sea_escritora/
labibliotecadeanniee,https://www.instagram.com/labibliotecadeanniee/
xcarol93,https://www.instagram.com/xcarol93/
mentrelibros,https://www.instagram.com/mentrelibros/
readbymaar,https://www.instagram.com/readbymaar/
lunasayanaramirez,https://www.instagram.com/lunasayanaramirez/
plan_y_pinta,https://www.instagram.com/plan_y_pinta/
bookbynere,https://www.instagram.com/bookbynere/
danielafernandacv,https://www.instagram.com/danielafernandacv/
la_huella_del_libro,https://www.instagram.com/la_huella_del_libro/
salmarina.esp,https://www.instagram.com/salmarina.esp/
anientrelibrosymates,https://www.instagram.com/anientrelibrosymates/
andar.entre.libros,https://www.instagram.com/andar.entre.libros/
onixysombras,https://www.instagram.com/onixysombras/
alma_libr0s,https://www.instagram.com/alma_libr0s/
luisrodriguez3901,https://www.instagram.com/luisrodriguez3901/
josemariablanco01,https://www.instagram.com/josemariablanco01/
ambientologa_lectora,https://www.instagram.com/ambientologa_lectora/
mandymelody00,https://www.instagram.com/mandymelody00/
al_faro.libreria,https://www.instagram.com/al_faro.libreria/
danikabooks01,https://www.instagram.com/danikabooks01/
miriam.books23,https://www.instagram.com/miriam.books23/
booksncr,https://www.instagram.com/booksncr/
mairalegod,https://www.instagram.com/mairalegod/
pauchibooks,https://www.instagram.com/pauchibooks/
soyunacelga,https://www.instagram.com/soyunacelga/
albarrdelamo,https://www.instagram.com/albarrdelamo/
the.serenepen,https://www.instagram.com/the.serenepen/
aria_vvxtar,https://www.instagram.com/aria_vvxtar/
sol.escrituracreativa,https://www.instagram.com/sol.escrituracreativa/
estanteria.deandrea,https://www.instagram.com/estanteria.deandrea/
itsmartha.books,https://www.instagram.com/itsmartha.books/
lunalada_escritora,https://www.instagram.com/lunalada_escritora/
unmundo.entreletras,https://www.instagram.com/unmundo.entreletras/
charrandodelibros,https://www.instagram.com/charrandodelibros/
meribeasbooks,https://www.instagram.com/meribeasbooks/
fallintodreamm,https://www.instagram.com/fallintodreamm/
accion_poetica2422,https://www.instagram.com/accion_poetica2422/
jorgelgreco,https://www.instagram.com/jorgelgreco/
yasmiiinbooks,https://www.instagram.com/yasmiiinbooks/
lopezcorraales,https://www.instagram.com/lopezcorraales/
bookslauiv,https://www.instagram.com/bookslauiv/
la_cuenta_del_libro_,https://www.instagram.com/la_cuenta_del_libro_/
lacomunidad_delos_libros,https://www.instagram.com/lacomunidad_delos_libros/
angelalopezautora,https://www.instagram.com/angelalopezautora/
chica.q.ama.los.libross,https://www.instagram.com/chica.q.ama.los.libross/
ivanodelarosa,https://www.instagram.com/ivanodelarosa/
fangirleoliterario,https://www.instagram.com/fangirleoliterario/
librosdigitalesya_,https://www.instagram.com/librosdigitalesya_/
florecerdelaconsciencia,https://www.instagram.com/florecerdelaconsciencia/
decronopiosyquijotes,https://www.instagram.com/decronopiosyquijotes/
neerbooks_,https://www.instagram.com/neerbooks_/
sagalossagrados,https://www.instagram.com/sagalossagrados/
minerva.grau,https://www.instagram.com/minerva.grau/
alejandraentreletras,https://www.instagram.com/alejandraentreletras/
moreereads,https://www.instagram.com/moreereads/
cris_nandhezzer,https://www.instagram.com/cris_nandhezzer/
frases_celebres1518,https://www.instagram.com/frases_celebres1518/
nani_books_,https://www.instagram.com/nani_books_/
infinitosbooks_,https://www.instagram.com/infinitosbooks_/
ber_to83,https://www.instagram.com/ber_to83/
_.bookfly._,https://www.instagram.com/_.bookfly._/
unrinconconalma,https://www.instagram.com/unrinconconalma/
rincondelectorr,https://www.instagram.com/rincondelectorr/
_jade.mw,https://www.instagram.com/_jade.mw/
miguel.angel.jordan,https://www.instagram.com/miguel.angel.jordan/
losqueleemos__,https://www.instagram.com/losqueleemos__/
lecturasconjuntas2025,https://www.instagram.com/lecturasconjuntas2025/
inmalvsbooks,https://www.instagram.com/inmalvsbooks/
eloraculodeloslibros,https://www.instagram.com/eloraculodeloslibros/
criisbook_,https://www.instagram.com/criisbook_/
aquimandanloslibros,https://www.instagram.com/aquimandanloslibros/
instintobooks,https://www.instagram.com/instintobooks/
sara_lis_1983,https://www.instagram.com/sara_lis_1983/
recomend_books.es,https://www.instagram.com/recomend_books.es/
kangeli_books,https://www.instagram.com/kangeli_books/
the_froggy_reader,https://www.instagram.com/the_froggy_reader/
brisaboa_books,https://www.instagram.com/brisaboa_books/
therosesbookseller,https://www.instagram.com/therosesbookseller/
leyendoleyendoleyendo,https://www.instagram.com/leyendoleyendoleyendo/
lbs.naiara,https://www.instagram.com/lbs.naiara/
bibliotecaparati,https://www.instagram.com/bibliotecaparati/
agustingabrielportnoy,https://www.instagram.com/agustingabrielportnoy/
viajarbooks_,https://www.instagram.com/viajarbooks_/
iraibooks,https://www.instagram.com/iraibooks/
pearlbooklover,https://www.instagram.com/pearlbooklover/
__gema__books__,https://www.instagram.com/__gema__books__/
rmorlesin,https://www.instagram.com/rmorlesin/
los_libros_de_sus1mar,https://www.instagram.com/los_libros_de_sus1mar/
tanm.ia,https://www.instagram.com/tanm.ia/
salora_books,https://www.instagram.com/salora_books/
a_bookados,https://www.instagram.com/a_bookados/
dralatteandbooks,https://www.instagram.com/dralatteandbooks/
apoyoabooktgram,https://www.instagram.com/apoyoabooktgram/
exposito_abril,https://www.instagram.com/exposito_abril/
agustingilperales,https://www.instagram.com/agustingilperales/
sosvibra,https://www.instagram.com/sosvibra/
vivi.bookscl,https://www.instagram.com/vivi.bookscl/
inmaysuslibros,https://www.instagram.com/inmaysuslibros/
mundosdetinta_books,https://www.instagram.com/mundosdetinta_books/
luciandbooks_,https://www.instagram.com/luciandbooks_/
maribooks2025,https://www.instagram.com/maribooks2025/
bookss_are_homee,https://www.instagram.com/bookss_are_homee/
lapequelectora,https://www.instagram.com/lapequelectora/
harunaasbooks,https://www.instagram.com/harunaasbooks/
lectorasantonimas,https://www.instagram.com/lectorasantonimas/
_ladywithbooks,https://www.instagram.com/_ladywithbooks/
alorca__,https://www.instagram.com/alorca__/
maryreadanddrink,https://www.instagram.com/maryreadanddrink/
edgarlgrimwood,https://www.instagram.com/edgarlgrimwood/
laliessadeloslibros,https://www.instagram.com/laliessadeloslibros/
faheyliterature,https://www.instagram.com/faheyliterature/
hurakao,https://www.instagram.com/hurakao/
aiti.books,https://www.instagram.com/aiti.books/
aylu.libros,https://www.instagram.com/aylu.libros/
mayisbooks,https://www.instagram.com/mayisbooks/
angeromantasy,https://www.instagram.com/angeromantasy/
clarii.books,https://www.instagram.com/clarii.books/
books_at_moonlight,https://www.instagram.com/books_at_moonlight/
leyendoconand,https://www.instagram.com/leyendoconand/
victoriaentreletras,https://www.instagram.com/victoriaentreletras/
booksby.alee,https://www.instagram.com/booksby.alee/
reader.cris,https://www.instagram.com/reader.cris/
yolireads,https://www.instagram.com/yolireads/
booksriri,https://www.instagram.com/booksriri/
hache_intercalada,https://www.instagram.com/hache_intercalada/
mislecturasconcafe,https://www.instagram.com/mislecturasconcafe/
reading_with_mel,https://www.instagram.com/reading_with_mel/
alba.buks,https://www.instagram.com/alba.buks/
booksbyela,https://www.instagram.com/booksbyela/
emajames69,https://www.instagram.com/emajames69/
paz_bookss,https://www.instagram.com/paz_bookss/
valeysuslibros,https://www.instagram.com/valeysuslibros/
bigworldpublishing,https://www.instagram.com/bigworldpublishing/
booksandcoffee_2,https://www.instagram.com/booksandcoffee_2/
drikasbooks,https://www.instagram.com/drikasbooks/
carreralaia,https://www.instagram.com/carreralaia/
martabookaholic,https://www.instagram.com/martabookaholic/
maarbooks__,https://www.instagram.com/maarbooks__/
marcadocomoleido,https://www.instagram.com/marcadocomoleido/
booksbypaula__,https://www.instagram.com/booksbypaula__/
caarlaa.books,https://www.instagram.com/caarlaa.books/
_hechizosliterarios_,https://www.instagram.com/_hechizosliterarios_/
xmaawii,https://www.instagram.com/xmaawii/
ellibrerodemir,https://www.instagram.com/ellibrerodemir/
club_de_lectura_noe,https://www.instagram.com/club_de_lectura_noe/
elmseld.on.a.bookshelf,https://www.instagram.com/elmseld.on.a.bookshelf/
unadespegada,https://www.instagram.com/unadespegada/
itselibookss,https://www.instagram.com/itselibookss/
sergi_jos,https://www.instagram.com/sergi_jos/
moon.chapter,https://www.instagram.com/moon.chapter/
marta_conejo,https://www.instagram.com/marta_conejo/
sandrabookworld,https://www.instagram.com/sandrabookworld/
palabrasconcami,https://www.instagram.com/palabrasconcami/
sarubookloverr,https://www.instagram.com/sarubookloverr/
aurora_books23,https://www.instagram.com/aurora_books23/
sarate.books,https://www.instagram.com/sarate.books/
grace.themockingbird,https://www.instagram.com/grace.themockingbird/
candy.crochet.bo,https://www.instagram.com/candy.crochet.bo/
perich.books,https://www.instagram.com/perich.books/
booklover6308,https://www.instagram.com/booklover6308/
booksbyrebe,https://www.instagram.com/booksbyrebe/
andreagomez_autora,https://www.instagram.com/andreagomez_autora/
crisreadingbooks,https://www.instagram.com/crisreadingbooks/
macareniromero,https://www.instagram.com/macareniromero/
booksrulitos,https://www.instagram.com/booksrulitos/
mariana.milan_escritora,https://www.instagram.com/mariana.milan_escritora/
emisbookss,https://www.instagram.com/emisbookss/
_andreavillar_,https://www.instagram.com/_andreavillar_/
bookswithscentt,https://www.instagram.com/bookswithscentt/
maariafag,https://www.instagram.com/maariafag/
our_insta_books,https://www.instagram.com/our_insta_books/
uncafealsol__,https://www.instagram.com/uncafealsol__/
anarzgrislookingforbooks,https://www.instagram.com/anarzgrislookingforbooks/
witchy_reader_,https://www.instagram.com/witchy_reader_/
podcastlibroslibres,https://www.instagram.com/podcastlibroslibres/
librosconcriss,https://www.instagram.com/librosconcriss/
sansfictions,https://www.instagram.com/sansfictions/
celilovelover,https://www.instagram.com/celilovelover/
lilibythblioteca,https://www.instagram.com/lilibythblioteca/
books_withkim,https://www.instagram.com/books_withkim/
autumn_booklover09,https://www.instagram.com/autumn_booklover09/
suiterebeca,https://www.instagram.com/suiterebeca/
caws_books,https://www.instagram.com/caws_books/
los.libros.de.blanca,https://www.instagram.com/los.libros.de.blanca/
estelibromeloapunto,https://www.instagram.com/estelibromeloapunto/
annsjournaal_,https://www.instagram.com/annsjournaal_/
love__books8,https://www.instagram.com/love__books8/
atelierdepilu,https://www.instagram.com/atelierdepilu/
acourtfrombloodandash,https://www.instagram.com/acourtfrombloodandash/
labibliotecade_natalia,https://www.instagram.com/labibliotecade_natalia/
calminspiremagic,https://www.instagram.com/calminspiremagic/
moonage_creatrix,https://www.instagram.com/moonage_creatrix/
cristinamarben,https://www.instagram.com/cristinamarben/
bookscovenant,https://www.instagram.com/bookscovenant/
biblionoe,https://www.instagram.com/biblionoe/
artifexisca,https://www.instagram.com/artifexisca/
lavozdesagaz,https://www.instagram.com/lavozdesagaz/
doritarucandio,https://www.instagram.com/doritarucandio/
leeressonyarbybrigittegollart,https://www.instagram.com/leeressonyarbybrigittegollart/
wickedly.divine.books,https://www.instagram.com/wickedly.divine.books/
2gotasdelibros,https://www.instagram.com/2gotasdelibros/
thetreetravel,https://www.instagram.com/thetreetravel/
eternalectura.libros,https://www.instagram.com/eternalectura.libros/
gemitabooks,https://www.instagram.com/gemitabooks/
mala.escritos,https://www.instagram.com/mala.escritos/
misteriosenlabiblioteca,https://www.instagram.com/misteriosenlabiblioteca/
booksgarciia,https://www.instagram.com/booksgarciia/
allyy_bookks,https://www.instagram.com/allyy_bookks/
celestiallitera,https://www.instagram.com/celestiallitera/
unmundodelibros._,https://www.instagram.com/unmundodelibros._/
isastela18,https://www.instagram.com/isastela18/
abzperu,https://www.instagram.com/abzperu/
chicacontradiccion_,https://www.instagram.com/chicacontradiccion_/
librospatriayfamilia,https://www.instagram.com/librospatriayfamilia/
mariientreletrascomasypuntos97,https://www.instagram.com/mariientreletrascomasypuntos97/
azerswife,https://www.instagram.com/azerswife/
blogdecine_ah,https://www.instagram.com/blogdecine_ah/
bbedetti.books,https://www.instagram.com/bbedetti.books/
elbarriolee,https://www.instagram.com/elbarriolee/
angela_ruiz_escritora,https://www.instagram.com/angela_ruiz_escritora/
worldhoppersisters,https://www.instagram.com/worldhoppersisters/
lecctoraencaos,https://www.instagram.com/lecctoraencaos/
pandorabooks2025,https://www.instagram.com/pandorabooks2025/
m_jose_luna_psicologa,https://www.instagram.com/m_jose_luna_psicologa/
soy_una_lectorette,https://www.instagram.com/soy_una_lectorette/
mariaontiverosoficial,https://www.instagram.com/mariaontiverosoficial/
bookstriz__,https://www.instagram.com/bookstriz__/
tranquilidad.360,https://www.instagram.com/tranquilidad.360/
enchantedfanny,https://www.instagram.com/enchantedfanny/
pedagogolector_,https://www.instagram.com/pedagogolector_/
monsxlung,https://www.instagram.com/monsxlung/
_carlybooks_,https://www.instagram.com/_carlybooks_/
ivaan1304,https://www.instagram.com/ivaan1304/
lecturacon_vicky,https://www.instagram.com/lecturacon_vicky/
l4dyh0lmes,https://www.instagram.com/l4dyh0lmes/
anatdream,https://www.instagram.com/anatdream/
escritora_de_lo_real,https://www.instagram.com/escritora_de_lo_real/
lauriss_books,https://www.instagram.com/lauriss_books/
meybookss,https://www.instagram.com/meybookss/
meabriunvinito,https://www.instagram.com/meabriunvinito/
en_el_mundo_de_carolin_books,https://www.instagram.com/en_el_mundo_de_carolin_books/
leyendoentrebambalinas,https://www.instagram.com/leyendoentrebambalinas/
themanuscript_bookshelf,https://www.instagram.com/themanuscript_bookshelf/
nona_entre_paginas,https://www.instagram.com/nona_entre_paginas/
inkhearts_1911,https://www.instagram.com/inkhearts_1911/
books.luciia,https://www.instagram.com/books.luciia/
loslibrosdegra,https://www.instagram.com/loslibrosdegra/
avecessoylectora,https://www.instagram.com/avecessoylectora/
dianaabuin.c,https://www.instagram.com/dianaabuin.c/
sebastian.editorial.dunken,https://www.instagram.com/sebastian.editorial.dunken/
elenagar.author,https://www.instagram.com/elenagar.author/
fantasy_book_lady,https://www.instagram.com/fantasy_book_lady/
risey.sshit,https://www.instagram.com/risey.sshit/
booksmar6,https://www.instagram.com/booksmar6/
farfa_letras,https://www.instagram.com/farfa_letras/
elrincondemarlau,https://www.instagram.com/elrincondemarlau/
arianafrancc,https://www.instagram.com/arianafrancc/
cuentosencafe,https://www.instagram.com/cuentosencafe/
gallegadeloslibros,https://www.instagram.com/gallegadeloslibros/
books_by_mia13,https://www.instagram.com/books_by_mia13/
enamorada.de.los.libros,https://www.instagram.com/enamorada.de.los.libros/
camicadis_books,https://www.instagram.com/camicadis_books/
palomalopezmontreal,https://www.instagram.com/palomalopezmontreal/
patry_birdsmile,https://www.instagram.com/patry_birdsmile/
damarisorissasoyarte,https://www.instagram.com/damarisorissasoyarte/
tamara.reads.books,https://www.instagram.com/tamara.reads.books/
entrelibros_explore,https://www.instagram.com/entrelibros_explore/
elsecretodepenelope,https://www.instagram.com/elsecretodepenelope/
trama_viva_67,https://www.instagram.com/trama_viva_67/
novelabreve,https://www.instagram.com/novelabreve/
jael0347,https://www.instagram.com/jael0347/
franco.fenix_,https://www.instagram.com/franco.fenix_/
latte_readsbooks,https://www.instagram.com/latte_readsbooks/
ad_books2,https://www.instagram.com/ad_books2/
caro_books_,https://www.instagram.com/caro_books_/
aidilibros,https://www.instagram.com/aidilibros/
manitasde.luz,https://www.instagram.com/manitasde.luz/
miniikaty,https://www.instagram.com/miniikaty/
lady_booklander,https://www.instagram.com/lady_booklander/
inma.reader,https://www.instagram.com/inma.reader/
cinderellaconlibro,https://www.instagram.com/cinderellaconlibro/
2conlibros,https://www.instagram.com/2conlibros/
readingaslife,https://www.instagram.com/readingaslife/
booksmari58,https://www.instagram.com/booksmari58/
comoleeramor,https://www.instagram.com/comoleeramor/
mery_bookreads,https://www.instagram.com/mery_bookreads/
mujersalvaje_cazadoradeletras,https://www.instagram.com/mujersalvaje_cazadoradeletras/
_somethingtoread_27,https://www.instagram.com/_somethingtoread_27/
mimundolibros,https://www.instagram.com/mimundolibros/
liitloover,https://www.instagram.com/liitloover/
lailasacova,https://www.instagram.com/lailasacova/
los.libros.de.paula,https://www.instagram.com/los.libros.de.paula/
ikisketch,https://www.instagram.com/ikisketch/
cami.books0,https://www.instagram.com/cami.books0/
mar_marle3,https://www.instagram.com/mar_marle3/
hola.teinvitoaleer,https://www.instagram.com/hola.teinvitoaleer/
arima.s.c.11,https://www.instagram.com/arima.s.c.11/
noeliaig,https://www.instagram.com/noeliaig/
loslibrosdemigato,https://www.instagram.com/loslibrosdemigato/
kelevrabooks,https://www.instagram.com/kelevrabooks/
sofaymantaconjane,https://www.instagram.com/sofaymantaconjane/
worldsbooks__,https://www.instagram.com/worldsbooks__/
los_libros_de_nora,https://www.instagram.com/los_libros_de_nora/
jdvm_92,https://www.instagram.com/jdvm_92/
dehadasyromance,https://www.instagram.com/dehadasyromance/
delarosamolibooks,https://www.instagram.com/delarosamolibooks/
readwithjavi_,https://www.instagram.com/readwithjavi_/
martiis._books,https://www.instagram.com/martiis._books/
fp.patty_books,https://www.instagram.com/fp.patty_books/
yasminabookstagramer,https://www.instagram.com/yasminabookstagramer/
tanya84_bookstagram,https://www.instagram.com/tanya84_bookstagram/
libroscongaby,https://www.instagram.com/libroscongaby/
elchicodelosguiones,https://www.instagram.com/elchicodelosguiones/
bookgram_nuestromundo,https://www.instagram.com/bookgram_nuestromundo/
estela_reading,https://www.instagram.com/estela_reading/
ali_darkmagic,https://www.instagram.com/ali_darkmagic/
asha.travelbook,https://www.instagram.com/asha.travelbook/
miraenmiestanteria,https://www.instagram.com/miraenmiestanteria/
miranda_bookshelf,https://www.instagram.com/miranda_bookshelf/
ana.bookrecs,https://www.instagram.com/ana.bookrecs/
mirefugiolector,https://www.instagram.com/mirefugiolector/
books_adicta,https://www.instagram.com/books_adicta/
its.poppybooks,https://www.instagram.com/its.poppybooks/
camileelibros1,https://www.instagram.com/camileelibros1/
depalabrasesonhos,https://www.instagram.com/depalabrasesonhos/
lectora.curiosa.11,https://www.instagram.com/lectora.curiosa.11/
hturbooks,https://www.instagram.com/hturbooks/
_bookcloud_02,https://www.instagram.com/_bookcloud_02/
s_books50,https://www.instagram.com/s_books50/
re_lectora,https://www.instagram.com/re_lectora/
nanibe81,https://www.instagram.com/nanibe81/
beccabennettbooks,https://www.instagram.com/beccabennettbooks/
mcccace,https://www.instagram.com/mcccace/
by_coco___,https://www.instagram.com/by_coco___/
gabaldondoconcha,https://www.instagram.com/gabaldondoconcha/
leetelo.3,https://www.instagram.com/leetelo.3/
lorena_entre_lineas,https://www.instagram.com/lorena_entre_lineas/
book.girl.89,https://www.instagram.com/book.girl.89/
julesentreletras,https://www.instagram.com/julesentreletras/
lizethh.books,https://www.instagram.com/lizethh.books/
describingbooks,https://www.instagram.com/describingbooks/
soylect0ra,https://www.instagram.com/soylect0ra/
luentrelibros_,https://www.instagram.com/luentrelibros_/
los_libros_de_lisa,https://www.instagram.com/los_libros_de_lisa/
entrepaginasymas,https://www.instagram.com/entrepaginasymas/
sofiamonchz_,https://www.instagram.com/sofiamonchz_/
bluberry.books,https://www.instagram.com/bluberry.books/
pat_ridifusa,https://www.instagram.com/pat_ridifusa/
xthousandstories,https://www.instagram.com/xthousandstories/
letrasdepapel_,https://www.instagram.com/letrasdepapel_/
milaberinto_de_tinta,https://www.instagram.com/milaberinto_de_tinta/
a.ra_ce_li,https://www.instagram.com/a.ra_ce_li/
lectoresdelamesa,https://www.instagram.com/lectoresdelamesa/
la_fflaca,https://www.instagram.com/la_fflaca/
jannetebooks,https://www.instagram.com/jannetebooks/
kristhel_astor2009,https://www.instagram.com/kristhel_astor2009/
martinfernandezdionisio,https://www.instagram.com/martinfernandezdionisio/
adrientre_libros,https://www.instagram.com/adrientre_libros/
steffbooks2,https://www.instagram.com/steffbooks2/
jo.love.book,https://www.instagram.com/jo.love.book/
iitziarbooks,https://www.instagram.com/iitziarbooks/
los_mundos_de_mayte,https://www.instagram.com/los_mundos_de_mayte/
labrujapoetica,https://www.instagram.com/labrujapoetica/
atorturedpoetfiv,https://www.instagram.com/atorturedpoetfiv/
dorydito,https://www.instagram.com/dorydito/
zackblakeoficial,https://www.instagram.com/zackblakeoficial/
angelic_readsss,https://www.instagram.com/angelic_readsss/
lenandherbooks,https://www.instagram.com/lenandherbooks/
diariobibliofila,https://www.instagram.com/diariobibliofila/
insertaridea,https://www.instagram.com/insertaridea/
aimlessbookss,https://www.instagram.com/aimlessbookss/
mariia_.books,https://www.instagram.com/mariia_.books/
poetry_emotionals,https://www.instagram.com/poetry_emotionals/
cristina_mimo_casals,https://www.instagram.com/cristina_mimo_casals/
elblogdeisabelbugle,https://www.instagram.com/elblogdeisabelbugle/
libros_con_un_cafe,https://www.instagram.com/libros_con_un_cafe/
estante_de_luz,https://www.instagram.com/estante_de_luz/
sofileemucho,https://www.instagram.com/sofileemucho/
apilando_libros,https://www.instagram.com/apilando_libros/
daniibooks._,https://www.instagram.com/daniibooks._/
rwdngwann,https://www.instagram.com/rwdngwann/
calacalibros,https://www.instagram.com/calacalibros/
1_fran.art,https://www.instagram.com/1_fran.art/
ardilla_lectora,https://www.instagram.com/ardilla_lectora/
beaxxan,https://www.instagram.com/beaxxan/
melaniabooks,https://www.instagram.com/melaniabooks/
alabrookss,https://www.instagram.com/alabrookss/
maestrasdehilosyletras,https://www.instagram.com/maestrasdehilosyletras/
libros_bea,https://www.instagram.com/libros_bea/
mislibros_mihobby,https://www.instagram.com/mislibros_mihobby/
marconmdemonnalisa,https://www.instagram.com/marconmdemonnalisa/
lovelybooks20,https://www.instagram.com/lovelybooks20/
buscadora.de.historias,https://www.instagram.com/buscadora.de.historias/
cositasdeteresita,https://www.instagram.com/cositasdeteresita/
mery.andbooks,https://www.instagram.com/mery.andbooks/
entrepostalesylibros,https://www.instagram.com/entrepostalesylibros/
idicreating,https://www.instagram.com/idicreating/
evollet.reads,https://www.instagram.com/evollet.reads/
marisabookish,https://www.instagram.com/marisabookish/
imalayonn.books,https://www.instagram.com/imalayonn.books/
paulabooklover_,https://www.instagram.com/paulabooklover_/
lourdess_books,https://www.instagram.com/lourdess_books/
unfilteredalis,https://www.instagram.com/unfilteredalis/
sra.letrasdefantasia,https://www.instagram.com/sra.letrasdefantasia/
dragonacomelibros,https://www.instagram.com/dragonacomelibros/
alibookstagram_,https://www.instagram.com/alibookstagram_/
ali_escritos,https://www.instagram.com/ali_escritos/
booksbydina,https://www.instagram.com/booksbydina/
zara.mist.autora,https://www.instagram.com/zara.mist.autora/
larderobeatriz,https://www.instagram.com/larderobeatriz/
littlekoalitaa,https://www.instagram.com/littlekoalitaa/
aria.nmonik0,https://www.instagram.com/aria.nmonik0/
martareadsfantasy,https://www.instagram.com/martareadsfantasy/
liebexj,https://www.instagram.com/liebexj/
r.durangp,https://www.instagram.com/r.durangp/
gma_books,https://www.instagram.com/gma_books/
camiaguirref.escritora,https://www.instagram.com/camiaguirref.escritora/
c.cbookreader,https://www.instagram.com/c.cbookreader/
lectoratrapado,https://www.instagram.com/lectoratrapado/
nodo_poetry,https://www.instagram.com/nodo_poetry/
booklandmom,https://www.instagram.com/booklandmom/
yeranele83,https://www.instagram.com/yeranele83/
patihdezper,https://www.instagram.com/patihdezper/
bookstagrangi,https://www.instagram.com/bookstagrangi/
noelle.books_,https://www.instagram.com/noelle.books_/
irenerbooks,https://www.instagram.com/irenerbooks/
my_books_tagram,https://www.instagram.com/my_books_tagram/
elvisleemucho,https://www.instagram.com/elvisleemucho/
brisela_92,https://www.instagram.com/brisela_92/
ellibrodemica,https://www.instagram.com/ellibrodemica/
ocean_bookss,https://www.instagram.com/ocean_bookss/
tercambooks,https://www.instagram.com/tercambooks/
leireentreletras,https://www.instagram.com/leireentreletras/
la_thrillerteca,https://www.instagram.com/la_thrillerteca/
ainabookss,https://www.instagram.com/ainabookss/
noacozybookish,https://www.instagram.com/noacozybookish/
ssaritabooks,https://www.instagram.com/ssaritabooks/
lunnarisbooks,https://www.instagram.com/lunnarisbooks/
la_biblioteca_de_piter,https://www.instagram.com/la_biblioteca_de_piter/
once_upon.a.book,https://www.instagram.com/once_upon.a.book/
la.bibliomania,https://www.instagram.com/la.bibliomania/
littleredread,https://www.instagram.com/littleredread/
palmi.books,https://www.instagram.com/palmi.books/
todasmishistorias,https://www.instagram.com/todasmishistorias/
trishhibb,https://www.instagram.com/trishhibb/
_rociioogalvezz,https://www.instagram.com/_rociioogalvezz/
jeiehwbjej,https://www.instagram.com/jeiehwbjej/
adelaidamf_escritora,https://www.instagram.com/adelaidamf_escritora/
esclima_spa,https://www.instagram.com/esclima_spa/
ratitabibliotecaria,https://www.instagram.com/ratitabibliotecaria/
el.hada.literaria,https://www.instagram.com/el.hada.literaria/
wend.ybookish,https://www.instagram.com/wend.ybookish/
entrelibrosynubes_,https://www.instagram.com/entrelibrosynubes_/
persiguiendomundos,https://www.instagram.com/persiguiendomundos/
iambooklover._,https://www.instagram.com/iambooklover._/
tanitabookss,https://www.instagram.com/tanitabookss/
lauxbooks29,https://www.instagram.com/lauxbooks29/
thevillamerida,https://www.instagram.com/thevillamerida/
sicretumlibro,https://www.instagram.com/sicretumlibro/
samkhansk99,https://www.instagram.com/samkhansk99/
emma.bunge_,https://www.instagram.com/emma.bunge_/
miacameron.escritora,https://www.instagram.com/miacameron.escritora/
v_vamp.30,https://www.instagram.com/v_vamp.30/
damadeloslibros,https://www.instagram.com/damadeloslibros/
anachiaga,https://www.instagram.com/anachiaga/
audiolibrosconolivia,https://www.instagram.com/audiolibrosconolivia/
cursos_libros_digitales,https://www.instagram.com/cursos_libros_digitales/
victoriavalenciaescritora,https://www.instagram.com/victoriavalenciaescritora/
lunapoetash,https://www.instagram.com/lunapoetash/
leido_by_dou,https://www.instagram.com/leido_by_dou/
laura_y_sus_libros,https://www.instagram.com/laura_y_sus_libros/
books_addictss,https://www.instagram.com/books_addictss/
paoo.bookss_,https://www.instagram.com/paoo.bookss_/
mariamual,https://www.instagram.com/mariamual/
ngzmr,https://www.instagram.com/ngzmr/
wonderly.books,https://www.instagram.com/wonderly.books/
ssentidosspatricia,https://www.instagram.com/ssentidosspatricia/
my_court_of_bookss,https://www.instagram.com/my_court_of_bookss/
pirata_patapalo,https://www.instagram.com/pirata_patapalo/
books_grisel,https://www.instagram.com/books_grisel/
emellydp_,https://www.instagram.com/emellydp_/
acourtofbooksandstarbies,https://www.instagram.com/acourtofbooksandstarbies/
libros.amorconcafe,https://www.instagram.com/libros.amorconcafe/
novagames.tienda,https://www.instagram.com/novagames.tienda/
carolbooks.09,https://www.instagram.com/carolbooks.09/
juandeanimax,https://www.instagram.com/juandeanimax/
la_pequena_bibliofila,https://www.instagram.com/la_pequena_bibliofila/
itspaulaabooks,https://www.instagram.com/itspaulaabooks/
jnmateos,https://www.instagram.com/jnmateos/
paurishelf,https://www.instagram.com/paurishelf/
bakerstreetbookss,https://www.instagram.com/bakerstreetbookss/
carlotaa.books,https://www.instagram.com/carlotaa.books/
pamela_gomez_fdez,https://www.instagram.com/pamela_gomez_fdez/
mrsreadings,https://www.instagram.com/mrsreadings/
soniaescritora,https://www.instagram.com/soniaescritora/
lore_entrepaginas,https://www.instagram.com/lore_entrepaginas/
iii.carlyy__,https://www.instagram.com/iii.carlyy__/
sarittaa.books,https://www.instagram.com/sarittaa.books/
sarahrosser302,https://www.instagram.com/sarahrosser302/
elrincondezaira,https://www.instagram.com/elrincondezaira/
ireene_books,https://www.instagram.com/ireene_books/
neermartin,https://www.instagram.com/neermartin/
paginasenredadas,https://www.instagram.com/paginasenredadas/
mylady_midnight,https://www.instagram.com/mylady_midnight/
las.lecturas.de.noa,https://www.instagram.com/las.lecturas.de.noa/
yaizaa.books,https://www.instagram.com/yaizaa.books/
estitxu_books,https://www.instagram.com/estitxu_books/
ricardojimenezarcosescritor,https://www.instagram.com/ricardojimenezarcosescritor/
niiickbooks,https://www.instagram.com/niiickbooks/
molis_books,https://www.instagram.com/molis_books/
tere_books8,https://www.instagram.com/tere_books8/
costuritasdelashadas,https://www.instagram.com/costuritasdelashadas/
alicia_pais_de_las.maravillas,https://www.instagram.com/alicia_pais_de_las.maravillas/
mimundoparticular,https://www.instagram.com/mimundoparticular/
luuvingbooks,https://www.instagram.com/luuvingbooks/
entrepaginas80,https://www.instagram.com/entrepaginas80/
iconic_meltsandcandles,https://www.instagram.com/iconic_meltsandcandles/
monaharrischic,https://www.instagram.com/monaharrischic/
mirinconcitodelibros_,https://www.instagram.com/mirinconcitodelibros_/
nereaslibrary,https://www.instagram.com/nereaslibrary/
escapada_casarural_luxuryspain,https://www.instagram.com/escapada_casarural_luxuryspain/
drogonbooks,https://www.instagram.com/drogonbooks/
entrepaginasconcarmen,https://www.instagram.com/entrepaginasconcarmen/
yugebooks,https://www.instagram.com/yugebooks/
mdmarb,https://www.instagram.com/mdmarb/
terapia.entre.letras,https://www.instagram.com/terapia.entre.letras/
_albookss_,https://www.instagram.com/_albookss_/
paulitaabooks,https://www.instagram.com/paulitaabooks/
suejaidy,https://www.instagram.com/suejaidy/
saralu_world,https://www.instagram.com/saralu_world/
ventana.del.caos,https://www.instagram.com/ventana.del.caos/
viajenpapel,https://www.instagram.com/viajenpapel/
psicologia_mistica_conexion_,https://www.instagram.com/psicologia_mistica_conexion_/
elkarbonero_90,https://www.instagram.com/elkarbonero_90/
dos_entrepaginas,https://www.instagram.com/dos_entrepaginas/
dardesecrivains,https://www.instagram.com/dardesecrivains/
mabelbookss_,https://www.instagram.com/mabelbookss_/
depaginasylibros,https://www.instagram.com/depaginasylibros/
carlos_bakke_saviskass,https://www.instagram.com/carlos_bakke_saviskass/
_book_worm6,https://www.instagram.com/_book_worm6/
booktrovertsbookshop,https://www.instagram.com/booktrovertsbookshop/
mislecturaspendientes,https://www.instagram.com/mislecturaspendientes/
lachicakindle_,https://www.instagram.com/lachicakindle_/
karolreads,https://www.instagram.com/karolreads/
jayvcoy,https://www.instagram.com/jayvcoy/
_books.lena_,https://www.instagram.com/_books.lena_/
beatriz.montes.fotografia,https://www.instagram.com/beatriz.montes.fotografia/
pandita.lectora,https://www.instagram.com/pandita.lectora/
isathewritingqueen,https://www.instagram.com/isathewritingqueen/
idxletters,https://www.instagram.com/idxletters/
hectorlfelamini,https://www.instagram.com/hectorlfelamini/
joyasmunayls,https://www.instagram.com/joyasmunayls/
decovalentina_,https://www.instagram.com/decovalentina_/
firebbooks_,https://www.instagram.com/firebbooks_/
riincondelecturaa,https://www.instagram.com/riincondelecturaa/
belubooks__,https://www.instagram.com/belubooks__/
lecto.resenamorados,https://www.instagram.com/lecto.resenamorados/
shehata_bespoke,https://www.instagram.com/shehata_bespoke/
learnnwithmaryam,https://www.instagram.com/learnnwithmaryam/
quick.limpieza00,https://www.instagram.com/quick.limpieza00/
lauterata_,https://www.instagram.com/lauterata_/
80.12641,https://www.instagram.com/80.12641/
garla.kat,https://www.instagram.com/garla.kat/
sheislaly,https://www.instagram.com/sheislaly/
versosluciernaga,https://www.instagram.com/versosluciernaga/
cami.and.books,https://www.instagram.com/cami.and.books/
_carlibros_,https://www.instagram.com/_carlibros_/
soncbook,https://www.instagram.com/soncbook/
_mllago_,https://www.instagram.com/_mllago_/
mar.cosantoniorivero,https://www.instagram.com/mar.cosantoniorivero/
a.aticubooks,https://www.instagram.com/a.aticubooks/
ametsis.diegofaija,https://www.instagram.com/ametsis.diegofaija/
gise.lecturas,https://www.instagram.com/gise.lecturas/
joel_florent,https://www.instagram.com/joel_florent/
flowers_.books,https://www.instagram.com/flowers_.books/
escribania777,https://www.instagram.com/escribania777/
booksbbooks,https://www.instagram.com/booksbbooks/
mieliracema,https://www.instagram.com/mieliracema/
fantasmaspygmalion,https://www.instagram.com/fantasmaspygmalion/
nhoa.reads,https://www.instagram.com/nhoa.reads/
paula.cavila,https://www.instagram.com/paula.cavila/
meryrangeloficial,https://www.instagram.com/meryrangeloficial/
kaosreader,https://www.instagram.com/kaosreader/
desarmada.en.prosa,https://www.instagram.com/desarmada.en.prosa/
__.serendiphia.__,https://www.instagram.com/__.serendiphia.__/
dani_galaso,https://www.instagram.com/dani_galaso/
patrimbooks,https://www.instagram.com/patrimbooks/
mi_biblioteca33,https://www.instagram.com/mi_biblioteca33/
voy_vengo_y_me_entretengo,https://www.instagram.com/voy_vengo_y_me_entretengo/
leahandbookss,https://www.instagram.com/leahandbookss/
secretgardenscandles,https://www.instagram.com/secretgardenscandles/
abrazando.ansiedad,https://www.instagram.com/abrazando.ansiedad/
librosconjeannete,https://www.instagram.com/librosconjeannete/
dionysus.books,https://www.instagram.com/dionysus.books/
roosibooks,https://www.instagram.com/roosibooks/
urlove.vick,https://www.instagram.com/urlove.vick/
eldiariodemecha,https://www.instagram.com/eldiariodemecha/
un_escritor_menos,https://www.instagram.com/un_escritor_menos/
libros.al.viento,https://www.instagram.com/libros.al.viento/
vanepiswibooks,https://www.instagram.com/vanepiswibooks/
design_14lls,https://www.instagram.com/design_14lls/
ainhoabooksss,https://www.instagram.com/ainhoabooksss/
natbooks74,https://www.instagram.com/natbooks74/
ocupada_leyendo,https://www.instagram.com/ocupada_leyendo/
estefi.books__,https://www.instagram.com/estefi.books__/
el_rincon_de_c,https://www.instagram.com/el_rincon_de_c/
gingerbooks__,https://www.instagram.com/gingerbooks__/
lizsbooknok,https://www.instagram.com/lizsbooknok/
mundopalabras11,https://www.instagram.com/mundopalabras11/
son.etrelineas,https://www.instagram.com/son.etrelineas/
sora.no.sakura.book,https://www.instagram.com/sora.no.sakura.book/
seasxnsgirl,https://www.instagram.com/seasxnsgirl/
sophies.readings,https://www.instagram.com/sophies.readings/
cocobooks1,https://www.instagram.com/cocobooks1/
uxibooks06,https://www.instagram.com/uxibooks06/
nadina_recommends,https://www.instagram.com/nadina_recommends/
leysbook,https://www.instagram.com/leysbook/
izybooks,https://www.instagram.com/izybooks/
yisbooks,https://www.instagram.com/yisbooks/
viic2_2,https://www.instagram.com/viic2_2/
ufm_book,https://www.instagram.com/ufm_book/
mundos_tinta,https://www.instagram.com/mundos_tinta/
avargasbellido,https://www.instagram.com/avargasbellido/
sonrisas.books,https://www.instagram.com/sonrisas.books/
simplementeevazgz,https://www.instagram.com/simplementeevazgz/
laculturetillas,https://www.instagram.com/laculturetillas/
ablittlelitworld,https://www.instagram.com/ablittlelitworld/
booksbylina_,https://www.instagram.com/booksbylina_/
ols.book,https://www.instagram.com/ols.book/
kristhel_astor,https://www.instagram.com/kristhel_astor/
elrastrodelos_libros,https://www.instagram.com/elrastrodelos_libros/
digitally_books,https://www.instagram.com/digitally_books/
cadacualconsumagia,https://www.instagram.com/cadacualconsumagia/
elrincondeleyna,https://www.instagram.com/elrincondeleyna/
tktlibreriaserendipia,https://www.instagram.com/tktlibreriaserendipia/
booksintheeden,https://www.instagram.com/booksintheeden/
gomes_marjo,https://www.instagram.com/gomes_marjo/
paula_acosta_escritora,https://www.instagram.com/paula_acosta_escritora/
bosque_prohibido,https://www.instagram.com/bosque_prohibido/
joseviladel,https://www.instagram.com/joseviladel/
chica_vitamina_,https://www.instagram.com/chica_vitamina_/
fazikhan_9,https://www.instagram.com/fazikhan_9/
escribeconhache,https://www.instagram.com/escribeconhache/
burnthenewwitch,https://www.instagram.com/burnthenewwitch/
librosymicrofonos,https://www.instagram.com/librosymicrofonos/
so.bookiish,https://www.instagram.com/so.bookiish/
juan_nadie_returns,https://www.instagram.com/juan_nadie_returns/
_mente_en_evolucion_,https://www.instagram.com/_mente_en_evolucion_/
leerlibrosparavolaryserlibres,https://www.instagram.com/leerlibrosparavolaryserlibres/
procopioelrasurado,https://www.instagram.com/procopioelrasurado/
aro_entre_libros_z,https://www.instagram.com/aro_entre_libros_z/
piluquibooks,https://www.instagram.com/piluquibooks/
readswithwinter,https://www.instagram.com/readswithwinter/
vickybooks04,https://www.instagram.com/vickybooks04/
cris.entrepaginas,https://www.instagram.com/cris.entrepaginas/
watsonmj.26,https://www.instagram.com/watsonmj.26/
miguelruperez.escritor,https://www.instagram.com/miguelruperez.escritor/
booksbyjuud,https://www.instagram.com/booksbyjuud/
el_tiempoentrelecturas,https://www.instagram.com/el_tiempoentrelecturas/
cuandounlibroteatrapa,https://www.instagram.com/cuandounlibroteatrapa/
seabookss_,https://www.instagram.com/seabookss_/
leer.miconexion,https://www.instagram.com/leer.miconexion/
marsbooks__,https://www.instagram.com/marsbooks__/
libros3ch,https://www.instagram.com/libros3ch/
bluestockings.bookclub,https://www.instagram.com/bluestockings.bookclub/
rousse.52,https://www.instagram.com/rousse.52/
descubre.libros_,https://www.instagram.com/descubre.libros_/
aaureaal,https://www.instagram.com/aaureaal/
carpintero2148,https://www.instagram.com/carpintero2148/
koalittlebooks,https://www.instagram.com/koalittlebooks/
misstr3inta,https://www.instagram.com/misstr3inta/
lulifer_book,https://www.instagram.com/lulifer_book/
camlvsbooks,https://www.instagram.com/camlvsbooks/
lib.rosyfantasia,https://www.instagram.com/lib.rosyfantasia/
nymmynbooks,https://www.instagram.com/nymmynbooks/
booksbyan_,https://www.instagram.com/booksbyan_/
arualilla,https://www.instagram.com/arualilla/
lalavanda.books,https://www.instagram.com/lalavanda.books/
texturasdelalma,https://www.instagram.com/texturasdelalma/
dosy_trescuartos,https://www.instagram.com/dosy_trescuartos/
ambtks,https://www.instagram.com/ambtks/
lidia_sanchezmejias,https://www.instagram.com/lidia_sanchezmejias/
booksbysilvia,https://www.instagram.com/booksbysilvia/
vidaentrerenglones,https://www.instagram.com/vidaentrerenglones/
magela_gracia,https://www.instagram.com/magela_gracia/
vir_books87,https://www.instagram.com/vir_books87/
drea.books,https://www.instagram.com/drea.books/
martinkarlosy,https://www.instagram.com/martinkarlosy/
paginas.nocturnas,https://www.instagram.com/paginas.nocturnas/
kenia.bailon,https://www.instagram.com/kenia.bailon/
vivilbookcase,https://www.instagram.com/vivilbookcase/
daipalaci_,https://www.instagram.com/daipalaci_/
yaibookss,https://www.instagram.com/yaibookss/
soraya.g.cossio.escritora,https://www.instagram.com/soraya.g.cossio.escritora/
brujalectora2005,https://www.instagram.com/brujalectora2005/
jardiinliterario,https://www.instagram.com/jardiinliterario/
pau.booksss,https://www.instagram.com/pau.booksss/
keylin_reyes_perez,https://www.instagram.com/keylin_reyes_perez/
_into_books_,https://www.instagram.com/_into_books_/
lei.reads,https://www.instagram.com/lei.reads/
leyendobajoelarcoiris,https://www.instagram.com/leyendobajoelarcoiris/
carmeninbooks,https://www.instagram.com/carmeninbooks/
books_opinion_,https://www.instagram.com/books_opinion_/
alexpa_books,https://www.instagram.com/alexpa_books/
xavi.books,https://www.instagram.com/xavi.books/
ana_s_reads,https://www.instagram.com/ana_s_reads/
pauustoryss01,https://www.instagram.com/pauustoryss01/
mybooksbynoelia,https://www.instagram.com/mybooksbynoelia/
magnetbook_,https://www.instagram.com/magnetbook_/
sunai_sunai_love,https://www.instagram.com/sunai_sunai_love/
albitaentrelibros,https://www.instagram.com/albitaentrelibros/
mismundosdeficcion,https://www.instagram.com/mismundosdeficcion/
readbystella,https://www.instagram.com/readbystella/
aca_lecturas,https://www.instagram.com/aca_lecturas/
tienda_creativas,https://www.instagram.com/tienda_creativas/
pintandotodo_adri,https://www.instagram.com/pintandotodo_adri/
con_las_palabras,https://www.instagram.com/con_las_palabras/
whiffletalie,https://www.instagram.com/whiffletalie/
lapetitbete,https://www.instagram.com/lapetitbete/
entrepaginaas_,https://www.instagram.com/entrepaginaas_/
booksbyrut,https://www.instagram.com/booksbyrut/
dolcemore._,https://www.instagram.com/dolcemore._/
virsshelf,https://www.instagram.com/virsshelf/
books_rox_,https://www.instagram.com/books_rox_/
anabln_books,https://www.instagram.com/anabln_books/
mensajesinfinitos,https://www.instagram.com/mensajesinfinitos/
sbookish_,https://www.instagram.com/sbookish_/
irenedlf_,https://www.instagram.com/irenedlf_/
bookishegn,https://www.instagram.com/bookishegn/
alees_books,https://www.instagram.com/alees_books/
abbybookss_,https://www.instagram.com/abbybookss_/
lof_books,https://www.instagram.com/lof_books/
