"biography","businessCategoryName","externalUrl","externalUrlShimmed","followersCount","followsCount","fullName","hasChannel","highlightReelCount","id","igtvVideoCount","inputUrl","isBusinessAccount","joinedRecently","latestPosts/0/alt","latestPosts/0/caption","latestPosts/0/childPosts/0/alt","latestPosts/0/childPosts/0/caption","latestPosts/0/childPosts/0/commentsCount","latestPosts/0/childPosts/0/dimensionsHeight","latestPosts/0/childPosts/0/dimensionsWidth","latestPosts/0/childPosts/0/displayUrl","latestPosts/0/childPosts/0/firstComment","latestPosts/0/childPosts/0/id","latestPosts/0/childPosts/0/likesCount","latestPosts/0/childPosts/0/ownerId","latestPosts/0/childPosts/0/ownerUsername","latestPosts/0/childPosts/0/shortCode","latestPosts/0/childPosts/0/timestamp","latestPosts/0/childPosts/0/type","latestPosts/0/childPosts/0/url","latestPosts/0/childPosts/1/alt","latestPosts/0/childPosts/1/caption","latestPosts/0/childPosts/1/commentsCount","latestPosts/0/childPosts/1/dimensionsHeight","latestPosts/0/childPosts/1/dimensionsWidth","latestPosts/0/childPosts/1/displayUrl","latestPosts/0/childPosts/1/firstComment","latestPosts/0/childPosts/1/id","latestPosts/0/childPosts/1/likesCount","latestPosts/0/childPosts/1/ownerId","latestPosts/0/childPosts/1/ownerUsername","latestPosts/0/childPosts/1/shortCode","latestPosts/0/childPosts/1/timestamp","latestPosts/0/childPosts/1/type","latestPosts/0/childPosts/1/url","latestPosts/0/childPosts/2/alt","latestPosts/0/childPosts/2/caption","latestPosts/0/childPosts/2/commentsCount","latestPosts/0/childPosts/2/dimensionsHeight","latestPosts/0/childPosts/2/dimensionsWidth","latestPosts/0/childPosts/2/displayUrl","latestPosts/0/childPosts/2/firstComment","latestPosts/0/childPosts/2/id","latestPosts/0/childPosts/2/likesCount","latestPosts/0/childPosts/2/ownerId","latestPosts/0/childPosts/2/ownerUsername","latestPosts/0/childPosts/2/shortCode","latestPosts/0/childPosts/2/timestamp","latestPosts/0/childPosts/2/type","latestPosts/0/childPosts/2/url","latestPosts/0/childPosts/3/alt","latestPosts/0/childPosts/3/caption","latestPosts/0/childPosts/3/commentsCount","latestPosts/0/childPosts/3/dimensionsHeight","latestPosts/0/childPosts/3/dimensionsWidth","latestPosts/0/childPosts/3/displayUrl","latestPosts/0/childPosts/3/firstComment","latestPosts/0/childPosts/3/id","latestPosts/0/childPosts/3/likesCount","latestPosts/0/childPosts/3/ownerId","latestPosts/0/childPosts/3/ownerUsername","latestPosts/0/childPosts/3/shortCode","latestPosts/0/childPosts/3/timestamp","latestPosts/0/childPosts/3/type","latestPosts/0/childPosts/3/url","latestPosts/0/childPosts/4/alt","latestPosts/0/childPosts/4/caption","latestPosts/0/childPosts/4/commentsCount","latestPosts/0/childPosts/4/dimensionsHeight","latestPosts/0/childPosts/4/dimensionsWidth","latestPosts/0/childPosts/4/displayUrl","latestPosts/0/childPosts/4/firstComment","latestPosts/0/childPosts/4/id","latestPosts/0/childPosts/4/likesCount","latestPosts/0/childPosts/4/ownerId","latestPosts/0/childPosts/4/ownerUsername","latestPosts/0/childPosts/4/shortCode","latestPosts/0/childPosts/4/timestamp","latestPosts/0/childPosts/4/type","latestPosts/0/childPosts/4/url","latestPosts/0/commentsCount","latestPosts/0/dimensionsHeight","latestPosts/0/dimensionsWidth","latestPosts/0/displayUrl","latestPosts/0/id","latestPosts/0/images/0","latestPosts/0/images/1","latestPosts/0/images/2","latestPosts/0/images/3","latestPosts/0/images/4","latestPosts/0/isPinned","latestPosts/0/likesCount","latestPosts/0/ownerId","latestPosts/0/ownerUsername","latestPosts/0/shortCode","latestPosts/0/timestamp","latestPosts/0/type","latestPosts/0/url","latestPosts/1/alt","latestPosts/1/caption","latestPosts/1/childPosts/0/alt","latestPosts/1/childPosts/0/caption","latestPosts/1/childPosts/0/commentsCount","latestPosts/1/childPosts/0/dimensionsHeight","latestPosts/1/childPosts/0/dimensionsWidth","latestPosts/1/childPosts/0/displayUrl","latestPosts/1/childPosts/0/firstComment","latestPosts/1/childPosts/0/id","latestPosts/1/childPosts/0/likesCount","latestPosts/1/childPosts/0/ownerId","latestPosts/1/childPosts/0/ownerUsername","latestPosts/1/childPosts/0/shortCode","latestPosts/1/childPosts/0/timestamp","latestPosts/1/childPosts/0/type","latestPosts/1/childPosts/0/url","latestPosts/1/childPosts/1/alt","latestPosts/1/childPosts/1/caption","latestPosts/1/childPosts/1/commentsCount","latestPosts/1/childPosts/1/dimensionsHeight","latestPosts/1/childPosts/1/dimensionsWidth","latestPosts/1/childPosts/1/displayUrl","latestPosts/1/childPosts/1/firstComment","latestPosts/1/childPosts/1/id","latestPosts/1/childPosts/1/likesCount","latestPosts/1/childPosts/1/ownerId","latestPosts/1/childPosts/1/ownerUsername","latestPosts/1/childPosts/1/shortCode","latestPosts/1/childPosts/1/timestamp","latestPosts/1/childPosts/1/type","latestPosts/1/childPosts/1/url","latestPosts/1/commentsCount","latestPosts/1/dimensionsHeight","latestPosts/1/dimensionsWidth","latestPosts/1/displayUrl","latestPosts/1/hashtags/0","latestPosts/1/hashtags/1","latestPosts/1/hashtags/2","latestPosts/1/hashtags/3","latestPosts/1/hashtags/4","latestPosts/1/hashtags/5","latestPosts/1/hashtags/6","latestPosts/1/hashtags/7","latestPosts/1/hashtags/8","latestPosts/1/id","latestPosts/1/images/0","latestPosts/1/images/1","latestPosts/1/isPinned","latestPosts/1/likesCount","latestPosts/1/ownerId","latestPosts/1/ownerUsername","latestPosts/1/shortCode","latestPosts/1/timestamp","latestPosts/1/type","latestPosts/1/url","latestPosts/2/alt","latestPosts/2/caption","latestPosts/2/childPosts/0/alt","latestPosts/2/childPosts/0/caption","latestPosts/2/childPosts/0/commentsCount","latestPosts/2/childPosts/0/dimensionsHeight","latestPosts/2/childPosts/0/dimensionsWidth","latestPosts/2/childPosts/0/displayUrl","latestPosts/2/childPosts/0/firstComment","latestPosts/2/childPosts/0/id","latestPosts/2/childPosts/0/likesCount","latestPosts/2/childPosts/0/ownerId","latestPosts/2/childPosts/0/ownerUsername","latestPosts/2/childPosts/0/shortCode","latestPosts/2/childPosts/0/timestamp","latestPosts/2/childPosts/0/type","latestPosts/2/childPosts/0/url","latestPosts/2/childPosts/1/alt","latestPosts/2/childPosts/1/caption","latestPosts/2/childPosts/1/commentsCount","latestPosts/2/childPosts/1/dimensionsHeight","latestPosts/2/childPosts/1/dimensionsWidth","latestPosts/2/childPosts/1/displayUrl","latestPosts/2/childPosts/1/firstComment","latestPosts/2/childPosts/1/id","latestPosts/2/childPosts/1/likesCount","latestPosts/2/childPosts/1/ownerId","latestPosts/2/childPosts/1/ownerUsername","latestPosts/2/childPosts/1/shortCode","latestPosts/2/childPosts/1/timestamp","latestPosts/2/childPosts/1/type","latestPosts/2/childPosts/1/url","latestPosts/2/commentsCount","latestPosts/2/dimensionsHeight","latestPosts/2/dimensionsWidth","latestPosts/2/displayUrl","latestPosts/2/hashtags/0","latestPosts/2/hashtags/1","latestPosts/2/hashtags/2","latestPosts/2/hashtags/3","latestPosts/2/hashtags/4","latestPosts/2/hashtags/5","latestPosts/2/hashtags/6","latestPosts/2/hashtags/7","latestPosts/2/hashtags/8","latestPosts/2/hashtags/9","latestPosts/2/id","latestPosts/2/images/0","latestPosts/2/images/1","latestPosts/2/isPinned","latestPosts/2/likesCount","latestPosts/2/ownerId","latestPosts/2/ownerUsername","latestPosts/2/shortCode","latestPosts/2/timestamp","latestPosts/2/type","latestPosts/2/url","latestPosts/3/alt","latestPosts/3/caption","latestPosts/3/childPosts/0/alt","latestPosts/3/childPosts/0/caption","latestPosts/3/childPosts/0/commentsCount","latestPosts/3/childPosts/0/dimensionsHeight","latestPosts/3/childPosts/0/dimensionsWidth","latestPosts/3/childPosts/0/displayUrl","latestPosts/3/childPosts/0/firstComment","latestPosts/3/childPosts/0/id","latestPosts/3/childPosts/0/likesCount","latestPosts/3/childPosts/0/ownerId","latestPosts/3/childPosts/0/ownerUsername","latestPosts/3/childPosts/0/shortCode","latestPosts/3/childPosts/0/timestamp","latestPosts/3/childPosts/0/type","latestPosts/3/childPosts/0/url","latestPosts/3/childPosts/1/alt","latestPosts/3/childPosts/1/caption","latestPosts/3/childPosts/1/commentsCount","latestPosts/3/childPosts/1/dimensionsHeight","latestPosts/3/childPosts/1/dimensionsWidth","latestPosts/3/childPosts/1/displayUrl","latestPosts/3/childPosts/1/firstComment","latestPosts/3/childPosts/1/id","latestPosts/3/childPosts/1/likesCount","latestPosts/3/childPosts/1/ownerId","latestPosts/3/childPosts/1/ownerUsername","latestPosts/3/childPosts/1/shortCode","latestPosts/3/childPosts/1/timestamp","latestPosts/3/childPosts/1/type","latestPosts/3/childPosts/1/url","latestPosts/3/commentsCount","latestPosts/3/dimensionsHeight","latestPosts/3/dimensionsWidth","latestPosts/3/displayUrl","latestPosts/3/hashtags/0","latestPosts/3/hashtags/1","latestPosts/3/hashtags/2","latestPosts/3/hashtags/3","latestPosts/3/hashtags/4","latestPosts/3/id","latestPosts/3/images/0","latestPosts/3/images/1","latestPosts/3/likesCount","latestPosts/3/ownerId","latestPosts/3/ownerUsername","latestPosts/3/shortCode","latestPosts/3/timestamp","latestPosts/3/type","latestPosts/3/url","latestPosts/4/alt","latestPosts/4/caption","latestPosts/4/childPosts/0/alt","latestPosts/4/childPosts/0/caption","latestPosts/4/childPosts/0/commentsCount","latestPosts/4/childPosts/0/dimensionsHeight","latestPosts/4/childPosts/0/dimensionsWidth","latestPosts/4/childPosts/0/displayUrl","latestPosts/4/childPosts/0/firstComment","latestPosts/4/childPosts/0/id","latestPosts/4/childPosts/0/likesCount","latestPosts/4/childPosts/0/ownerId","latestPosts/4/childPosts/0/ownerUsername","latestPosts/4/childPosts/0/shortCode","latestPosts/4/childPosts/0/timestamp","latestPosts/4/childPosts/0/type","latestPosts/4/childPosts/0/url","latestPosts/4/childPosts/1/alt","latestPosts/4/childPosts/1/caption","latestPosts/4/childPosts/1/commentsCount","latestPosts/4/childPosts/1/dimensionsHeight","latestPosts/4/childPosts/1/dimensionsWidth","latestPosts/4/childPosts/1/displayUrl","latestPosts/4/childPosts/1/firstComment","latestPosts/4/childPosts/1/id","latestPosts/4/childPosts/1/likesCount","latestPosts/4/childPosts/1/ownerId","latestPosts/4/childPosts/1/ownerUsername","latestPosts/4/childPosts/1/shortCode","latestPosts/4/childPosts/1/timestamp","latestPosts/4/childPosts/1/type","latestPosts/4/childPosts/1/url","latestPosts/4/childPosts/2/alt","latestPosts/4/childPosts/2/caption","latestPosts/4/childPosts/2/commentsCount","latestPosts/4/childPosts/2/dimensionsHeight","latestPosts/4/childPosts/2/dimensionsWidth","latestPosts/4/childPosts/2/displayUrl","latestPosts/4/childPosts/2/firstComment","latestPosts/4/childPosts/2/id","latestPosts/4/childPosts/2/likesCount","latestPosts/4/childPosts/2/ownerId","latestPosts/4/childPosts/2/ownerUsername","latestPosts/4/childPosts/2/shortCode","latestPosts/4/childPosts/2/timestamp","latestPosts/4/childPosts/2/type","latestPosts/4/childPosts/2/url","latestPosts/4/childPosts/3/alt","latestPosts/4/childPosts/3/caption","latestPosts/4/childPosts/3/commentsCount","latestPosts/4/childPosts/3/dimensionsHeight","latestPosts/4/childPosts/3/dimensionsWidth","latestPosts/4/childPosts/3/displayUrl","latestPosts/4/childPosts/3/firstComment","latestPosts/4/childPosts/3/id","latestPosts/4/childPosts/3/likesCount","latestPosts/4/childPosts/3/ownerId","latestPosts/4/childPosts/3/ownerUsername","latestPosts/4/childPosts/3/shortCode","latestPosts/4/childPosts/3/timestamp","latestPosts/4/childPosts/3/type","latestPosts/4/childPosts/3/url","latestPosts/4/childPosts/4/alt","latestPosts/4/childPosts/4/caption","latestPosts/4/childPosts/4/commentsCount","latestPosts/4/childPosts/4/dimensionsHeight","latestPosts/4/childPosts/4/dimensionsWidth","latestPosts/4/childPosts/4/displayUrl","latestPosts/4/childPosts/4/firstComment","latestPosts/4/childPosts/4/id","latestPosts/4/childPosts/4/likesCount","latestPosts/4/childPosts/4/ownerId","latestPosts/4/childPosts/4/ownerUsername","latestPosts/4/childPosts/4/shortCode","latestPosts/4/childPosts/4/timestamp","latestPosts/4/childPosts/4/type","latestPosts/4/childPosts/4/url","latestPosts/4/commentsCount","latestPosts/4/dimensionsHeight","latestPosts/4/dimensionsWidth","latestPosts/4/displayUrl","latestPosts/4/id","latestPosts/4/images/0","latestPosts/4/images/1","latestPosts/4/images/2","latestPosts/4/images/3","latestPosts/4/images/4","latestPosts/4/likesCount","latestPosts/4/ownerId","latestPosts/4/ownerUsername","latestPosts/4/shortCode","latestPosts/4/timestamp","latestPosts/4/type","latestPosts/4/url","latestPosts/5/alt","latestPosts/5/caption","latestPosts/5/commentsCount","latestPosts/5/dimensionsHeight","latestPosts/5/dimensionsWidth","latestPosts/5/displayUrl","latestPosts/5/id","latestPosts/5/likesCount","latestPosts/5/ownerId","latestPosts/5/ownerUsername","latestPosts/5/shortCode","latestPosts/5/timestamp","latestPosts/5/type","latestPosts/5/url","latestPosts/6/alt","latestPosts/6/caption","latestPosts/6/commentsCount","latestPosts/6/dimensionsHeight","latestPosts/6/dimensionsWidth","latestPosts/6/displayUrl","latestPosts/6/hashtags/0","latestPosts/6/hashtags/1","latestPosts/6/hashtags/2","latestPosts/6/hashtags/3","latestPosts/6/hashtags/4","latestPosts/6/hashtags/5","latestPosts/6/hashtags/6","latestPosts/6/hashtags/7","latestPosts/6/id","latestPosts/6/likesCount","latestPosts/6/ownerId","latestPosts/6/ownerUsername","latestPosts/6/productType","latestPosts/6/shortCode","latestPosts/6/timestamp","latestPosts/6/type","latestPosts/6/url","latestPosts/6/videoUrl","latestPosts/6/videoViewCount","latestPosts/7/alt","latestPosts/7/caption","latestPosts/7/commentsCount","latestPosts/7/dimensionsHeight","latestPosts/7/dimensionsWidth","latestPosts/7/displayUrl","latestPosts/7/hashtags/0","latestPosts/7/hashtags/1","latestPosts/7/hashtags/2","latestPosts/7/hashtags/3","latestPosts/7/hashtags/4","latestPosts/7/hashtags/5","latestPosts/7/id","latestPosts/7/likesCount","latestPosts/7/ownerId","latestPosts/7/ownerUsername","latestPosts/7/shortCode","latestPosts/7/timestamp","latestPosts/7/type","latestPosts/7/url","latestPosts/8/alt","latestPosts/8/caption","latestPosts/8/commentsCount","latestPosts/8/dimensionsHeight","latestPosts/8/dimensionsWidth","latestPosts/8/displayUrl","latestPosts/8/hashtags/0","latestPosts/8/hashtags/1","latestPosts/8/hashtags/2","latestPosts/8/hashtags/3","latestPosts/8/hashtags/4","latestPosts/8/hashtags/5","latestPosts/8/hashtags/6","latestPosts/8/hashtags/7","latestPosts/8/hashtags/8","latestPosts/8/hashtags/9","latestPosts/8/id","latestPosts/8/likesCount","latestPosts/8/musicInfo/artist_name","latestPosts/8/musicInfo/audio_id","latestPosts/8/musicInfo/should_mute_audio","latestPosts/8/musicInfo/should_mute_audio_reason","latestPosts/8/musicInfo/song_name","latestPosts/8/musicInfo/uses_original_audio","latestPosts/8/ownerId","latestPosts/8/ownerUsername","latestPosts/8/productType","latestPosts/8/shortCode","latestPosts/8/timestamp","latestPosts/8/type","latestPosts/8/url","latestPosts/8/videoUrl","latestPosts/8/videoViewCount","latestPosts/9/alt","latestPosts/9/caption","latestPosts/9/childPosts/0/alt","latestPosts/9/childPosts/0/caption","latestPosts/9/childPosts/0/commentsCount","latestPosts/9/childPosts/0/dimensionsHeight","latestPosts/9/childPosts/0/dimensionsWidth","latestPosts/9/childPosts/0/displayUrl","latestPosts/9/childPosts/0/firstComment","latestPosts/9/childPosts/0/id","latestPosts/9/childPosts/0/likesCount","latestPosts/9/childPosts/0/ownerId","latestPosts/9/childPosts/0/ownerUsername","latestPosts/9/childPosts/0/shortCode","latestPosts/9/childPosts/0/timestamp","latestPosts/9/childPosts/0/type","latestPosts/9/childPosts/0/url","latestPosts/9/childPosts/1/alt","latestPosts/9/childPosts/1/caption","latestPosts/9/childPosts/1/commentsCount","latestPosts/9/childPosts/1/dimensionsHeight","latestPosts/9/childPosts/1/dimensionsWidth","latestPosts/9/childPosts/1/displayUrl","latestPosts/9/childPosts/1/firstComment","latestPosts/9/childPosts/1/id","latestPosts/9/childPosts/1/likesCount","latestPosts/9/childPosts/1/ownerId","latestPosts/9/childPosts/1/ownerUsername","latestPosts/9/childPosts/1/shortCode","latestPosts/9/childPosts/1/timestamp","latestPosts/9/childPosts/1/type","latestPosts/9/childPosts/1/url","latestPosts/9/childPosts/2/alt","latestPosts/9/childPosts/2/caption","latestPosts/9/childPosts/2/commentsCount","latestPosts/9/childPosts/2/dimensionsHeight","latestPosts/9/childPosts/2/dimensionsWidth","latestPosts/9/childPosts/2/displayUrl","latestPosts/9/childPosts/2/firstComment","latestPosts/9/childPosts/2/id","latestPosts/9/childPosts/2/likesCount","latestPosts/9/childPosts/2/ownerId","latestPosts/9/childPosts/2/ownerUsername","latestPosts/9/childPosts/2/shortCode","latestPosts/9/childPosts/2/timestamp","latestPosts/9/childPosts/2/type","latestPosts/9/childPosts/2/url","latestPosts/9/childPosts/3/alt","latestPosts/9/childPosts/3/caption","latestPosts/9/childPosts/3/commentsCount","latestPosts/9/childPosts/3/dimensionsHeight","latestPosts/9/childPosts/3/dimensionsWidth","latestPosts/9/childPosts/3/displayUrl","latestPosts/9/childPosts/3/firstComment","latestPosts/9/childPosts/3/id","latestPosts/9/childPosts/3/likesCount","latestPosts/9/childPosts/3/ownerId","latestPosts/9/childPosts/3/ownerUsername","latestPosts/9/childPosts/3/shortCode","latestPosts/9/childPosts/3/timestamp","latestPosts/9/childPosts/3/type","latestPosts/9/childPosts/3/url","latestPosts/9/childPosts/4/alt","latestPosts/9/childPosts/4/caption","latestPosts/9/childPosts/4/commentsCount","latestPosts/9/childPosts/4/dimensionsHeight","latestPosts/9/childPosts/4/dimensionsWidth","latestPosts/9/childPosts/4/displayUrl","latestPosts/9/childPosts/4/firstComment","latestPosts/9/childPosts/4/id","latestPosts/9/childPosts/4/likesCount","latestPosts/9/childPosts/4/ownerId","latestPosts/9/childPosts/4/ownerUsername","latestPosts/9/childPosts/4/shortCode","latestPosts/9/childPosts/4/timestamp","latestPosts/9/childPosts/4/type","latestPosts/9/childPosts/4/url","latestPosts/9/childPosts/5/alt","latestPosts/9/childPosts/5/caption","latestPosts/9/childPosts/5/commentsCount","latestPosts/9/childPosts/5/dimensionsHeight","latestPosts/9/childPosts/5/dimensionsWidth","latestPosts/9/childPosts/5/displayUrl","latestPosts/9/childPosts/5/firstComment","latestPosts/9/childPosts/5/id","latestPosts/9/childPosts/5/likesCount","latestPosts/9/childPosts/5/ownerId","latestPosts/9/childPosts/5/ownerUsername","latestPosts/9/childPosts/5/shortCode","latestPosts/9/childPosts/5/timestamp","latestPosts/9/childPosts/5/type","latestPosts/9/childPosts/5/url","latestPosts/9/childPosts/6/alt","latestPosts/9/childPosts/6/caption","latestPosts/9/childPosts/6/commentsCount","latestPosts/9/childPosts/6/dimensionsHeight","latestPosts/9/childPosts/6/dimensionsWidth","latestPosts/9/childPosts/6/displayUrl","latestPosts/9/childPosts/6/firstComment","latestPosts/9/childPosts/6/id","latestPosts/9/childPosts/6/likesCount","latestPosts/9/childPosts/6/ownerId","latestPosts/9/childPosts/6/ownerUsername","latestPosts/9/childPosts/6/shortCode","latestPosts/9/childPosts/6/timestamp","latestPosts/9/childPosts/6/type","latestPosts/9/childPosts/6/url","latestPosts/9/childPosts/7/alt","latestPosts/9/childPosts/7/caption","latestPosts/9/childPosts/7/commentsCount","latestPosts/9/childPosts/7/dimensionsHeight","latestPosts/9/childPosts/7/dimensionsWidth","latestPosts/9/childPosts/7/displayUrl","latestPosts/9/childPosts/7/firstComment","latestPosts/9/childPosts/7/id","latestPosts/9/childPosts/7/likesCount","latestPosts/9/childPosts/7/ownerId","latestPosts/9/childPosts/7/ownerUsername","latestPosts/9/childPosts/7/shortCode","latestPosts/9/childPosts/7/timestamp","latestPosts/9/childPosts/7/type","latestPosts/9/childPosts/7/url","latestPosts/9/commentsCount","latestPosts/9/dimensionsHeight","latestPosts/9/dimensionsWidth","latestPosts/9/displayUrl","latestPosts/9/hashtags/0","latestPosts/9/hashtags/1","latestPosts/9/hashtags/2","latestPosts/9/hashtags/3","latestPosts/9/hashtags/4","latestPosts/9/hashtags/5","latestPosts/9/hashtags/6","latestPosts/9/hashtags/7","latestPosts/9/hashtags/8","latestPosts/9/id","latestPosts/9/images/0","latestPosts/9/images/1","latestPosts/9/images/2","latestPosts/9/images/3","latestPosts/9/images/4","latestPosts/9/images/5","latestPosts/9/images/6","latestPosts/9/images/7","latestPosts/9/likesCount","latestPosts/9/ownerId","latestPosts/9/ownerUsername","latestPosts/9/shortCode","latestPosts/9/timestamp","latestPosts/9/type","latestPosts/9/url","latestPosts/10/alt","latestPosts/10/caption","latestPosts/10/commentsCount","latestPosts/10/dimensionsHeight","latestPosts/10/dimensionsWidth","latestPosts/10/displayUrl","latestPosts/10/hashtags/0","latestPosts/10/hashtags/1","latestPosts/10/hashtags/2","latestPosts/10/hashtags/3","latestPosts/10/hashtags/4","latestPosts/10/hashtags/5","latestPosts/10/id","latestPosts/10/likesCount","latestPosts/10/musicInfo/artist_name","latestPosts/10/musicInfo/audio_id","latestPosts/10/musicInfo/should_mute_audio","latestPosts/10/musicInfo/should_mute_audio_reason","latestPosts/10/musicInfo/song_name","latestPosts/10/musicInfo/uses_original_audio","latestPosts/10/ownerId","latestPosts/10/ownerUsername","latestPosts/10/productType","latestPosts/10/shortCode","latestPosts/10/timestamp","latestPosts/10/type","latestPosts/10/url","latestPosts/10/videoUrl","latestPosts/10/videoViewCount","latestPosts/11/alt","latestPosts/11/caption","latestPosts/11/childPosts/0/alt","latestPosts/11/childPosts/0/caption","latestPosts/11/childPosts/0/commentsCount","latestPosts/11/childPosts/0/dimensionsHeight","latestPosts/11/childPosts/0/dimensionsWidth","latestPosts/11/childPosts/0/displayUrl","latestPosts/11/childPosts/0/firstComment","latestPosts/11/childPosts/0/id","latestPosts/11/childPosts/0/likesCount","latestPosts/11/childPosts/0/ownerId","latestPosts/11/childPosts/0/ownerUsername","latestPosts/11/childPosts/0/shortCode","latestPosts/11/childPosts/0/timestamp","latestPosts/11/childPosts/0/type","latestPosts/11/childPosts/0/url","latestPosts/11/childPosts/1/alt","latestPosts/11/childPosts/1/caption","latestPosts/11/childPosts/1/commentsCount","latestPosts/11/childPosts/1/dimensionsHeight","latestPosts/11/childPosts/1/dimensionsWidth","latestPosts/11/childPosts/1/displayUrl","latestPosts/11/childPosts/1/firstComment","latestPosts/11/childPosts/1/id","latestPosts/11/childPosts/1/likesCount","latestPosts/11/childPosts/1/ownerId","latestPosts/11/childPosts/1/ownerUsername","latestPosts/11/childPosts/1/shortCode","latestPosts/11/childPosts/1/timestamp","latestPosts/11/childPosts/1/type","latestPosts/11/childPosts/1/url","latestPosts/11/commentsCount","latestPosts/11/dimensionsHeight","latestPosts/11/dimensionsWidth","latestPosts/11/displayUrl","latestPosts/11/id","latestPosts/11/images/0","latestPosts/11/images/1","latestPosts/11/likesCount","latestPosts/11/ownerId","latestPosts/11/ownerUsername","latestPosts/11/shortCode","latestPosts/11/timestamp","latestPosts/11/type","latestPosts/11/url","postsCount","private","profilePicUrl","profilePicUrlHD","url","username","verified"
"❣️📖Para las amantes de los libros
✨Artesanías literarias únicas
🪵Artículos de madera 
🇪🇸 Envíos a toda la península 
🌷¡Echa un vistazo al link!👇","Product/service","https://linktr.ee/cozytales.bookshop","https://l.instagram.com/?u=https%3A%2F%2Flinktr.ee%2Fcozytales.bookshop&e=AT1v4Ro-AXNyKEk7F8Tf-WG-t9VbtrwnW5RmiYBQGyDTgHbykvz_u4vGvL2jEVWx3DTNh1qUn0WS184Dw1l5MbxnHyMh3YWq","856","973","Cozy Tales | Productos literarios","false","5","71096492021","0","https://www.instagram.com/cozytales_books/","false","false","Photo by Cozy Tales | Productos literarios on February 06, 2025. May be an image of candle and text.","📢 ¡Novedad en la tienda! ✨ Hoy estoy muy emocionada de presentarte un producto muy especial: velitas aromáticas naturales.
Estas velitas son únicas porque cada una está hecha en un tronco natural vaciado y tratado a mano, creando un recipiente exclusivo y diferente. No hay dos iguales, por lo que tu velita será única y especial. Además, están elaboradas con cera de soja 100% natural y aromas irresistibles.

Por ahora, puedes elegir entre dos fragancias:

🔥 Canela especiada – Un aroma dulce y envolvente que recuerda a tardes acogedoras con una taza de té y un buen libro. Si estás leyendo fantasía, esta velita te hará sentir dentro de tu historia.

💜 Lavanda fresca – Un toque floral y relajante, perfecto para acompañar lecturas románticas o para regalar en San Valentín. Ideal para desconectar y transportarte a otro mundo.

🌿 Aromas 100% naturales 

Este mes tenemos unidades limitadas.  Si quieres transformar tu rincón de lectura en un espacio mágico, escríbeme un mensaje. ¡Estaré encantada de ayudarte!

💬 Cuéntame en los comentarios qué aroma te gusta más o qué fragancia te gustaría para la próxima colección. 💕","Photo by Cozy Tales | Productos literarios on February 06, 2025. May be an image of candle and text.","","0","1350","1080","https://scontent-ord5-2.cdninstagram.com/v/t51.2885-15/476390298_17855594949372022_1470072669715916657_n.webp?stp=dst-jpg_e35_p1080x1080_sh0.08_tt6&_nc_ht=scontent-ord5-2.cdninstagram.com&_nc_cat=110&_nc_oc=Q6cZ2AFmwYpPNArc1XtTNJJ11CI3ysyutKBw6T7OhndaQofsWQndOBi0O_aPjYOUlVeOJa0&_nc_ohc=5G_8nMsFrFsQ7kNvgF3S-mz&_nc_gid=b343a97038c54db586f58e5b2ab592d2&edm=AOQ1c0wBAAAA&ccb=7-5&ig_cache_key=MzU2MTkyMDExMDUxNjIzNTEzMA%3D%3D.3-ccb7-5&oh=00_AYDBwxFoB_wk28Td5N6BfTE0cMaVLoEqH8dXoq6xaYMl9w&oe=67BEA28C&_nc_sid=8b3546","","3561920110516235130",,"71096492021","cozytales_books","DFue3f5o-t6",,"Image","https://www.instagram.com/p/DFue3f5o-t6/","Photo by Cozy Tales | Productos literarios on February 06, 2025. May be an image of candle, scorpion grass and text.","","0","1350","1080","https://scontent-ord5-2.cdninstagram.com/v/t51.2885-15/476191403_17855594961372022_3613678879542169665_n.webp?stp=dst-jpg_e35_p1080x1080_sh0.08_tt6&_nc_ht=scontent-ord5-2.cdninstagram.com&_nc_cat=110&_nc_oc=Q6cZ2AFmwYpPNArc1XtTNJJ11CI3ysyutKBw6T7OhndaQofsWQndOBi0O_aPjYOUlVeOJa0&_nc_ohc=5bhhg1N2-kAQ7kNvgFHZX27&_nc_gid=b343a97038c54db586f58e5b2ab592d2&edm=AOQ1c0wBAAAA&ccb=7-5&ig_cache_key=MzU2MTkyMDExMDUyNDYwNzM4OA%3D%3D.3-ccb7-5&oh=00_AYCwYiCGPaSt-DVqngcNkj7XDQYXuvLB1yBXD5UIJxF6YA&oe=67BEA716&_nc_sid=8b3546","","3561920110524607388",,"71096492021","cozytales_books","DFue3f6I6uc",,"Image","https://www.instagram.com/p/DFue3f6I6uc/","Photo by Cozy Tales | Productos literarios on February 06, 2025. May be an image of candle, nest, pinecone and text.","","0","1350","1080","https://scontent-ord5-2.cdninstagram.com/v/t51.2885-15/476264928_17855594970372022_7288636324449573418_n.webp?stp=dst-jpg_e35_p1080x1080_sh0.08_tt6&_nc_ht=scontent-ord5-2.cdninstagram.com&_nc_cat=110&_nc_oc=Q6cZ2AFmwYpPNArc1XtTNJJ11CI3ysyutKBw6T7OhndaQofsWQndOBi0O_aPjYOUlVeOJa0&_nc_ohc=yGrwOeGHaqwQ7kNvgGDx0zc&_nc_gid=b343a97038c54db586f58e5b2ab592d2&edm=AOQ1c0wBAAAA&ccb=7-5&ig_cache_key=MzU2MTkyMDExMDUwNzgwNjEyNA%3D%3D.3-ccb7-5&oh=00_AYAefhyoeBxkmOqYFhd00FlRN5HBCQtAenzapk2i4NDH8g&oe=67BEB5B7&_nc_sid=8b3546","","3561920110507806124",,"71096492021","cozytales_books","DFue3f5I02s",,"Image","https://www.instagram.com/p/DFue3f5I02s/","Photo by Cozy Tales | Productos literarios on February 06, 2025. May be an image of book, candle, pinecone and text.","","0","1350","1080","https://scontent-ord5-2.cdninstagram.com/v/t51.2885-15/476284428_17855594988372022_5764908467950399655_n.webp?stp=dst-jpg_e35_p1080x1080_sh0.08_tt6&_nc_ht=scontent-ord5-2.cdninstagram.com&_nc_cat=110&_nc_oc=Q6cZ2AFmwYpPNArc1XtTNJJ11CI3ysyutKBw6T7OhndaQofsWQndOBi0O_aPjYOUlVeOJa0&_nc_ohc=gJW275Ijp44Q7kNvgFJbMoR&_nc_gid=b343a97038c54db586f58e5b2ab592d2&edm=AOQ1c0wBAAAA&ccb=7-5&ig_cache_key=MzU2MTkyMDExMDUwNzczMDk2Mg%3D%3D.3-ccb7-5&oh=00_AYBMu3WtwumQ_n3mxrrGnqafDwr7QdAJIY-8fxNSZ6NQqA&oe=67BEC1C5&_nc_sid=8b3546","","3561920110507730962",,"71096492021","cozytales_books","DFue3f5IigS",,"Image","https://www.instagram.com/p/DFue3f5IigS/","Photo by Cozy Tales | Productos literarios on February 06, 2025. May be an image of candle, pinecone and text.","","0","1350","1080","https://scontent-ord5-2.cdninstagram.com/v/t51.2885-15/473642687_17855594997372022_8981848654690692246_n.webp?stp=dst-jpg_e35_p1080x1080_sh0.08_tt6&_nc_ht=scontent-ord5-2.cdninstagram.com&_nc_cat=110&_nc_oc=Q6cZ2AFmwYpPNArc1XtTNJJ11CI3ysyutKBw6T7OhndaQofsWQndOBi0O_aPjYOUlVeOJa0&_nc_ohc=tC0c5GygYvQQ7kNvgHG_tez&_nc_gid=b343a97038c54db586f58e5b2ab592d2&edm=AOQ1c0wBAAAA&ccb=7-5&ig_cache_key=MzU2MTkyMDExMDUxNjA5MDc4Ng%3D%3D.3-ccb7-5&oh=00_AYCyyAUZ0pP2KARwxK6KcwfmyCdcklwTPynfcOpcxGv1Sw&oe=67BEAEA1&_nc_sid=8b3546","","3561920110516090786",,"71096492021","cozytales_books","DFue3f5obei",,"Image","https://www.instagram.com/p/DFue3f5obei/","16","1350","1080","https://scontent-ord5-2.cdninstagram.com/v/t51.2885-15/476390298_17855594949372022_1470072669715916657_n.webp?stp=dst-jpg_e35_p1080x1080_sh0.08_tt6&_nc_ht=scontent-ord5-2.cdninstagram.com&_nc_cat=110&_nc_oc=Q6cZ2AFmwYpPNArc1XtTNJJ11CI3ysyutKBw6T7OhndaQofsWQndOBi0O_aPjYOUlVeOJa0&_nc_ohc=5G_8nMsFrFsQ7kNvgF3S-mz&_nc_gid=b343a97038c54db586f58e5b2ab592d2&edm=AOQ1c0wBAAAA&ccb=7-5&ig_cache_key=MzU2MTkyMDExMDUxNjIzNTEzMA%3D%3D.3-ccb7-5&oh=00_AYDBwxFoB_wk28Td5N6BfTE0cMaVLoEqH8dXoq6xaYMl9w&oe=67BEA28C&_nc_sid=8b3546","3561920122872420449","https://scontent-ord5-2.cdninstagram.com/v/t51.2885-15/476390298_17855594949372022_1470072669715916657_n.webp?stp=dst-jpg_e35_p1080x1080_sh0.08_tt6&_nc_ht=scontent-ord5-2.cdninstagram.com&_nc_cat=110&_nc_oc=Q6cZ2AFmwYpPNArc1XtTNJJ11CI3ysyutKBw6T7OhndaQofsWQndOBi0O_aPjYOUlVeOJa0&_nc_ohc=5G_8nMsFrFsQ7kNvgF3S-mz&_nc_gid=b343a97038c54db586f58e5b2ab592d2&edm=AOQ1c0wBAAAA&ccb=7-5&ig_cache_key=MzU2MTkyMDExMDUxNjIzNTEzMA%3D%3D.3-ccb7-5&oh=00_AYDBwxFoB_wk28Td5N6BfTE0cMaVLoEqH8dXoq6xaYMl9w&oe=67BEA28C&_nc_sid=8b3546","https://scontent-ord5-2.cdninstagram.com/v/t51.2885-15/476191403_17855594961372022_3613678879542169665_n.webp?stp=dst-jpg_e35_p1080x1080_sh0.08_tt6&_nc_ht=scontent-ord5-2.cdninstagram.com&_nc_cat=110&_nc_oc=Q6cZ2AFmwYpPNArc1XtTNJJ11CI3ysyutKBw6T7OhndaQofsWQndOBi0O_aPjYOUlVeOJa0&_nc_ohc=5bhhg1N2-kAQ7kNvgFHZX27&_nc_gid=b343a97038c54db586f58e5b2ab592d2&edm=AOQ1c0wBAAAA&ccb=7-5&ig_cache_key=MzU2MTkyMDExMDUyNDYwNzM4OA%3D%3D.3-ccb7-5&oh=00_AYCwYiCGPaSt-DVqngcNkj7XDQYXuvLB1yBXD5UIJxF6YA&oe=67BEA716&_nc_sid=8b3546","https://scontent-ord5-2.cdninstagram.com/v/t51.2885-15/476264928_17855594970372022_7288636324449573418_n.webp?stp=dst-jpg_e35_p1080x1080_sh0.08_tt6&_nc_ht=scontent-ord5-2.cdninstagram.com&_nc_cat=110&_nc_oc=Q6cZ2AFmwYpPNArc1XtTNJJ11CI3ysyutKBw6T7OhndaQofsWQndOBi0O_aPjYOUlVeOJa0&_nc_ohc=yGrwOeGHaqwQ7kNvgGDx0zc&_nc_gid=b343a97038c54db586f58e5b2ab592d2&edm=AOQ1c0wBAAAA&ccb=7-5&ig_cache_key=MzU2MTkyMDExMDUwNzgwNjEyNA%3D%3D.3-ccb7-5&oh=00_AYAefhyoeBxkmOqYFhd00FlRN5HBCQtAenzapk2i4NDH8g&oe=67BEB5B7&_nc_sid=8b3546","https://scontent-ord5-2.cdninstagram.com/v/t51.2885-15/476284428_17855594988372022_5764908467950399655_n.webp?stp=dst-jpg_e35_p1080x1080_sh0.08_tt6&_nc_ht=scontent-ord5-2.cdninstagram.com&_nc_cat=110&_nc_oc=Q6cZ2AFmwYpPNArc1XtTNJJ11CI3ysyutKBw6T7OhndaQofsWQndOBi0O_aPjYOUlVeOJa0&_nc_ohc=gJW275Ijp44Q7kNvgFJbMoR&_nc_gid=b343a97038c54db586f58e5b2ab592d2&edm=AOQ1c0wBAAAA&ccb=7-5&ig_cache_key=MzU2MTkyMDExMDUwNzczMDk2Mg%3D%3D.3-ccb7-5&oh=00_AYBMu3WtwumQ_n3mxrrGnqafDwr7QdAJIY-8fxNSZ6NQqA&oe=67BEC1C5&_nc_sid=8b3546","https://scontent-ord5-2.cdninstagram.com/v/t51.2885-15/473642687_17855594997372022_8981848654690692246_n.webp?stp=dst-jpg_e35_p1080x1080_sh0.08_tt6&_nc_ht=scontent-ord5-2.cdninstagram.com&_nc_cat=110&_nc_oc=Q6cZ2AFmwYpPNArc1XtTNJJ11CI3ysyutKBw6T7OhndaQofsWQndOBi0O_aPjYOUlVeOJa0&_nc_ohc=tC0c5GygYvQQ7kNvgHG_tez&_nc_gid=b343a97038c54db586f58e5b2ab592d2&edm=AOQ1c0wBAAAA&ccb=7-5&ig_cache_key=MzU2MTkyMDExMDUxNjA5MDc4Ng%3D%3D.3-ccb7-5&oh=00_AYCyyAUZ0pP2KARwxK6KcwfmyCdcklwTPynfcOpcxGv1Sw&oe=67BEAEA1&_nc_sid=8b3546","true","52","71096492021","cozytales_books","DFue3raIFhh","2025-02-06T09:26:29.000Z","Sidecar","https://www.instagram.com/p/DFue3raIFhh/","Photo by Cozy Tales | Productos literarios on December 12, 2024. May be an image of book and candle.","¿Quién más ha sentido un antes y un después en su vida lectora tras leer la saga de ACOTAR? 
Estos libros son para releerlos una y otra vez y qué mejor manera que usando este precioso marcapáginas a juego.
El diseño está basado en los elementos más importantes de la historia. Tenemos la espada que atraviesa en vertical y simboliza la fuerza y las batallas a las que se enfrentan nuestros protagonistas, más abajo las alas de Rhysand, la luna de la corte noche y las mágicas montañas de velaris. Por ultimo se encuentra un libro abierto que te invita a entrar en esta maravillosa historia.

¿Qué os parece el diseño?

Si queréis más información sobre los accesorios lectores podéis mirar la guía de compra y el catálogo de productos en los links de la biografía.

#libros #acotar #rhysand #feyre #marcapaginas #artesanía #madera #hechoamano #lectura","Photo by Cozy Tales | Productos literarios on December 12, 2024. May be an image of book and candle.","","0","1080","1080","https://scontent-ord5-2.cdninstagram.com/v/t51.29350-15/469749017_1595974637668069_5766450432274608196_n.webp?stp=dst-jpg_e35_p1080x1080_tt6&_nc_ht=scontent-ord5-2.cdninstagram.com&_nc_cat=101&_nc_oc=Q6cZ2AFmwYpPNArc1XtTNJJ11CI3ysyutKBw6T7OhndaQofsWQndOBi0O_aPjYOUlVeOJa0&_nc_ohc=dTqjoQq28BkQ7kNvgF_rOh-&_nc_gid=b343a97038c54db586f58e5b2ab592d2&edm=AOQ1c0wBAAAA&ccb=7-5&ig_cache_key=MzUyMTY0NTI0MDMxODU0NjY1OA%3D%3D.3-ccb7-5&oh=00_AYDWl27bbfif_2IbjEmrBGKM0iYmxTzRJ_Tm8z7Us70C-Q&oe=67BE8F6B&_nc_sid=8b3546","","3521645240318546658",,"71096492021","cozytales_books","DDfZbAGIdLi",,"Image","https://www.instagram.com/p/DDfZbAGIdLi/","Photo by Cozy Tales | Productos literarios on December 12, 2024. May be an image of book and candle.","","0","1080","1080","https://scontent-ord5-2.cdninstagram.com/v/t51.29350-15/469655802_554772914070790_2379428238449887398_n.webp?stp=dst-jpg_e35_p1080x1080_tt6&_nc_ht=scontent-ord5-2.cdninstagram.com&_nc_cat=110&_nc_oc=Q6cZ2AFmwYpPNArc1XtTNJJ11CI3ysyutKBw6T7OhndaQofsWQndOBi0O_aPjYOUlVeOJa0&_nc_ohc=bKMMV-8rv34Q7kNvgE7J-gE&_nc_gid=b343a97038c54db586f58e5b2ab592d2&edm=AOQ1c0wBAAAA&ccb=7-5&ig_cache_key=MzUyMTY0NTI0MDUzNjY4OTQxNw%3D%3D.3-ccb7-5&oh=00_AYAQrMTflOL82E71KUE-SsloC3djt4zgJF2TAd5zy7AkVg&oe=67BEA3A1&_nc_sid=8b3546","","3521645240536689417",,"71096492021","cozytales_books","DDfZbATImsJ",,"Image","https://www.instagram.com/p/DDfZbATImsJ/","11","1080","1080","https://scontent-ord5-2.cdninstagram.com/v/t51.29350-15/469749017_1595974637668069_5766450432274608196_n.webp?stp=dst-jpg_e35_p1080x1080_tt6&_nc_ht=scontent-ord5-2.cdninstagram.com&_nc_cat=101&_nc_oc=Q6cZ2AFmwYpPNArc1XtTNJJ11CI3ysyutKBw6T7OhndaQofsWQndOBi0O_aPjYOUlVeOJa0&_nc_ohc=dTqjoQq28BkQ7kNvgF_rOh-&_nc_gid=b343a97038c54db586f58e5b2ab592d2&edm=AOQ1c0wBAAAA&ccb=7-5&ig_cache_key=MzUyMTY0NTI0MDMxODU0NjY1OA%3D%3D.3-ccb7-5&oh=00_AYDWl27bbfif_2IbjEmrBGKM0iYmxTzRJ_Tm8z7Us70C-Q&oe=67BE8F6B&_nc_sid=8b3546","libros","acotar","rhysand","feyre","marcapaginas","artesanía","madera","hechoamano","lectura","3521645249848056580","https://scontent-ord5-2.cdninstagram.com/v/t51.29350-15/469749017_1595974637668069_5766450432274608196_n.webp?stp=dst-jpg_e35_p1080x1080_tt6&_nc_ht=scontent-ord5-2.cdninstagram.com&_nc_cat=101&_nc_oc=Q6cZ2AFmwYpPNArc1XtTNJJ11CI3ysyutKBw6T7OhndaQofsWQndOBi0O_aPjYOUlVeOJa0&_nc_ohc=dTqjoQq28BkQ7kNvgF_rOh-&_nc_gid=b343a97038c54db586f58e5b2ab592d2&edm=AOQ1c0wBAAAA&ccb=7-5&ig_cache_key=MzUyMTY0NTI0MDMxODU0NjY1OA%3D%3D.3-ccb7-5&oh=00_AYDWl27bbfif_2IbjEmrBGKM0iYmxTzRJ_Tm8z7Us70C-Q&oe=67BE8F6B&_nc_sid=8b3546","https://scontent-ord5-2.cdninstagram.com/v/t51.29350-15/469655802_554772914070790_2379428238449887398_n.webp?stp=dst-jpg_e35_p1080x1080_tt6&_nc_ht=scontent-ord5-2.cdninstagram.com&_nc_cat=110&_nc_oc=Q6cZ2AFmwYpPNArc1XtTNJJ11CI3ysyutKBw6T7OhndaQofsWQndOBi0O_aPjYOUlVeOJa0&_nc_ohc=bKMMV-8rv34Q7kNvgE7J-gE&_nc_gid=b343a97038c54db586f58e5b2ab592d2&edm=AOQ1c0wBAAAA&ccb=7-5&ig_cache_key=MzUyMTY0NTI0MDUzNjY4OTQxNw%3D%3D.3-ccb7-5&oh=00_AYAQrMTflOL82E71KUE-SsloC3djt4zgJF2TAd5zy7AkVg&oe=67BEA3A1&_nc_sid=8b3546","true","68","71096492021","cozytales_books","DDfZbI-IpsE","2024-12-12T19:47:30.000Z","Sidecar","https://www.instagram.com/p/DDfZbI-IpsE/","Photo by Cozy Tales | Productos literarios on December 11, 2024.","⭐ Dale un toque único a tus días con nuestros llaveros y colgantes literarios⭐
En Cozy Tales, creemos que los pequeños detalles marcan la diferencia, y nuestros llaveros y colgantes están diseñados para que lleves contigo algo que te inspire, te identifique y te haga sonreír. 
¿Quieres hacer que tus llaves, bolsos, mochilas, rincones de casa... sean aún más únicos y especiales?
Si te interesan estos especiales diseños, puedes encontrar como obtenerlos en la guía de compra de los links o mandarnos un mensaje directo. ¡Estaremos encantados de hablar contigo!
Para más accesorios lectores únicos, visita nuestro catálogo de productos en el link de la biografía.

#libros #lectora #lectura #acotar #alasdesangre #artesanía #handmade #original #llaveros #marcapaginas","Photo by Cozy Tales | Productos literarios on December 11, 2024.","","0","1080","1080","https://scontent-ord5-2.cdninstagram.com/v/t51.29350-15/469653478_1310954859916640_933811058283271595_n.webp?stp=dst-jpg_e35_s1080x1080_tt6&_nc_ht=scontent-ord5-2.cdninstagram.com&_nc_cat=108&_nc_oc=Q6cZ2AFmwYpPNArc1XtTNJJ11CI3ysyutKBw6T7OhndaQofsWQndOBi0O_aPjYOUlVeOJa0&_nc_ohc=lNCJuBgspaAQ7kNvgF-S8tP&_nc_gid=b343a97038c54db586f58e5b2ab592d2&edm=AOQ1c0wBAAAA&ccb=7-5&ig_cache_key=MzUyMDYxMDYzODk3NjA2OTIzMw%3D%3D.3-ccb7-5&oh=00_AYAJX_Hhg_W24DLZuS-8sknvv8I45V-dhQg_xv-h1-P_4Q&oe=67BEBB95&_nc_sid=8b3546","","3520610638976069233",,"71096492021","cozytales_books","DDbuLkgoS5x",,"Image","https://www.instagram.com/p/DDbuLkgoS5x/","Photo by Cozy Tales | Productos literarios on December 11, 2024. May be an image of heart.","","0","1080","1080","https://scontent-ord5-2.cdninstagram.com/v/t51.29350-15/469744405_1328470511903351_7419863490986131658_n.webp?stp=dst-jpg_e35_s1080x1080_tt6&_nc_ht=scontent-ord5-2.cdninstagram.com&_nc_cat=111&_nc_oc=Q6cZ2AFmwYpPNArc1XtTNJJ11CI3ysyutKBw6T7OhndaQofsWQndOBi0O_aPjYOUlVeOJa0&_nc_ohc=_8w-inojhX4Q7kNvgFpUDbc&_nc_gid=b343a97038c54db586f58e5b2ab592d2&edm=AOQ1c0wBAAAA&ccb=7-5&ig_cache_key=MzUyMDYxMDYzODk0MjY5MjM3NQ%3D%3D.3-ccb7-5&oh=00_AYB-HgDo9OhKzpCVbMZF65gK_-65c_E5K1xn-EIuRgqODw&oe=67BE98F2&_nc_sid=8b3546","","3520610638942692375",,"71096492021","cozytales_books","DDbuLkeo-QX",,"Image","https://www.instagram.com/p/DDbuLkeo-QX/","15","1080","1080","https://scontent-ord5-2.cdninstagram.com/v/t51.29350-15/469653478_1310954859916640_933811058283271595_n.webp?stp=dst-jpg_e35_s1080x1080_tt6&_nc_ht=scontent-ord5-2.cdninstagram.com&_nc_cat=108&_nc_oc=Q6cZ2AFmwYpPNArc1XtTNJJ11CI3ysyutKBw6T7OhndaQofsWQndOBi0O_aPjYOUlVeOJa0&_nc_ohc=lNCJuBgspaAQ7kNvgF-S8tP&_nc_gid=b343a97038c54db586f58e5b2ab592d2&edm=AOQ1c0wBAAAA&ccb=7-5&ig_cache_key=MzUyMDYxMDYzODk3NjA2OTIzMw%3D%3D.3-ccb7-5&oh=00_AYAJX_Hhg_W24DLZuS-8sknvv8I45V-dhQg_xv-h1-P_4Q&oe=67BEBB95&_nc_sid=8b3546","libros","lectora","lectura","acotar","alasdesangre","artesanía","handmade","original","llaveros","marcapaginas","3520610649948343355","https://scontent-ord5-2.cdninstagram.com/v/t51.29350-15/469653478_1310954859916640_933811058283271595_n.webp?stp=dst-jpg_e35_s1080x1080_tt6&_nc_ht=scontent-ord5-2.cdninstagram.com&_nc_cat=108&_nc_oc=Q6cZ2AFmwYpPNArc1XtTNJJ11CI3ysyutKBw6T7OhndaQofsWQndOBi0O_aPjYOUlVeOJa0&_nc_ohc=lNCJuBgspaAQ7kNvgF-S8tP&_nc_gid=b343a97038c54db586f58e5b2ab592d2&edm=AOQ1c0wBAAAA&ccb=7-5&ig_cache_key=MzUyMDYxMDYzODk3NjA2OTIzMw%3D%3D.3-ccb7-5&oh=00_AYAJX_Hhg_W24DLZuS-8sknvv8I45V-dhQg_xv-h1-P_4Q&oe=67BEBB95&_nc_sid=8b3546","https://scontent-ord5-2.cdninstagram.com/v/t51.29350-15/469744405_1328470511903351_7419863490986131658_n.webp?stp=dst-jpg_e35_s1080x1080_tt6&_nc_ht=scontent-ord5-2.cdninstagram.com&_nc_cat=111&_nc_oc=Q6cZ2AFmwYpPNArc1XtTNJJ11CI3ysyutKBw6T7OhndaQofsWQndOBi0O_aPjYOUlVeOJa0&_nc_ohc=_8w-inojhX4Q7kNvgFpUDbc&_nc_gid=b343a97038c54db586f58e5b2ab592d2&edm=AOQ1c0wBAAAA&ccb=7-5&ig_cache_key=MzUyMDYxMDYzODk0MjY5MjM3NQ%3D%3D.3-ccb7-5&oh=00_AYB-HgDo9OhKzpCVbMZF65gK_-65c_E5K1xn-EIuRgqODw&oe=67BE98F2&_nc_sid=8b3546","true","48","71096492021","cozytales_books","DDbuLuuoMw7","2024-12-11T09:31:56.000Z","Sidecar","https://www.instagram.com/p/DDbuLuuoMw7/","Marcapáginas 
Binding 13","✨ ¡Nuevo marcapáginas en la tienda! ✨

Si has leído Binding 13, seguro que entiendes por qué necesitaba hacerle un marcapáginas. 💙📖 Esta historia ha sido de mis lecturas favoritas de este año, así que tenía que plasmarla en madera con mucho cariño.

Perfecto para acompañar tu lectura o decorar tu estantería con un pedacito de este libro tan especial. Además, trae grabada una playlist con las canciones más icónicas que aparecen en la historia y que nos recuerdan a los personajes🤭

También salen hoy a la venta los llaveritos de Johnny, Joey y Gibsie, con sus números en el anverso y los símbolos de sus deportes en el reverso (Rugby para Johnny y Gibsie y Hurling para Joey)

¿Quién más no puede parar de pensar en la historia de los chicos de Tommen? Os leo en comentarios. 👀💕

#binding13 #libros #marcapaginas #handmade #lecturas","Marcapáginas 
Binding 13","","0","1350","1080","https://scontent-ord5-2.cdninstagram.com/v/t51.2885-15/480659172_17857606269372022_8343332845757314584_n.webp?stp=dst-jpg_e35_p1080x1080_sh0.08_tt6&_nc_ht=scontent-ord5-2.cdninstagram.com&_nc_cat=110&_nc_oc=Q6cZ2AFmwYpPNArc1XtTNJJ11CI3ysyutKBw6T7OhndaQofsWQndOBi0O_aPjYOUlVeOJa0&_nc_ohc=4k4JP2q1o1cQ7kNvgGKmziN&_nc_gid=b343a97038c54db586f58e5b2ab592d2&edm=AOQ1c0wBAAAA&ccb=7-5&ig_cache_key=MzU3MjA3MDU3NTE2MTU1NDQzMw%3D%3D.3-ccb7-5&oh=00_AYAIALc4wekSWIaW2ecEM60ggRmF_0We8I-I6G4b2TDnTA&oe=67BEC2D6&_nc_sid=8b3546","","3572070575161554433",,"71096492021","cozytales_books","DGSi0MxITYB",,"Image","https://www.instagram.com/p/DGSi0MxITYB/","Photo by Cozy Tales | Productos literarios on February 20, 2025. May be an image of text.","","0","1350","1080","https://scontent-ord5-2.cdninstagram.com/v/t51.2885-15/481021808_17857606278372022_1808110064758319785_n.webp?stp=dst-jpg_e35_p1080x1080_sh0.08_tt6&_nc_ht=scontent-ord5-2.cdninstagram.com&_nc_cat=110&_nc_oc=Q6cZ2AFmwYpPNArc1XtTNJJ11CI3ysyutKBw6T7OhndaQofsWQndOBi0O_aPjYOUlVeOJa0&_nc_ohc=SEfcolvevOsQ7kNvgEfyJVY&_nc_gid=b343a97038c54db586f58e5b2ab592d2&edm=AOQ1c0wBAAAA&ccb=7-5&ig_cache_key=MzU3MjA3MDU3NTE3ODQxMzcxNQ%3D%3D.3-ccb7-5&oh=00_AYBxCE-PmiQtbw8O3OKgm-v2iLfP7WvuG_L7h6r3IelC6w&oe=67BEC3D3&_nc_sid=8b3546","","3572070575178413715",,"71096492021","cozytales_books","DGSi0MyInaT",,"Image","https://www.instagram.com/p/DGSi0MyInaT/","6","1350","1080","https://scontent-ord5-2.cdninstagram.com/v/t51.2885-15/480659172_17857606269372022_8343332845757314584_n.webp?stp=dst-jpg_e35_p1080x1080_sh0.08_tt6&_nc_ht=scontent-ord5-2.cdninstagram.com&_nc_cat=110&_nc_oc=Q6cZ2AFmwYpPNArc1XtTNJJ11CI3ysyutKBw6T7OhndaQofsWQndOBi0O_aPjYOUlVeOJa0&_nc_ohc=4k4JP2q1o1cQ7kNvgGKmziN&_nc_gid=b343a97038c54db586f58e5b2ab592d2&edm=AOQ1c0wBAAAA&ccb=7-5&ig_cache_key=MzU3MjA3MDU3NTE2MTU1NDQzMw%3D%3D.3-ccb7-5&oh=00_AYAIALc4wekSWIaW2ecEM60ggRmF_0We8I-I6G4b2TDnTA&oe=67BEC2D6&_nc_sid=8b3546","binding13","libros","marcapaginas","handmade","lecturas","3572070587484402555","https://scontent-ord5-2.cdninstagram.com/v/t51.2885-15/480659172_17857606269372022_8343332845757314584_n.webp?stp=dst-jpg_e35_p1080x1080_sh0.08_tt6&_nc_ht=scontent-ord5-2.cdninstagram.com&_nc_cat=110&_nc_oc=Q6cZ2AFmwYpPNArc1XtTNJJ11CI3ysyutKBw6T7OhndaQofsWQndOBi0O_aPjYOUlVeOJa0&_nc_ohc=4k4JP2q1o1cQ7kNvgGKmziN&_nc_gid=b343a97038c54db586f58e5b2ab592d2&edm=AOQ1c0wBAAAA&ccb=7-5&ig_cache_key=MzU3MjA3MDU3NTE2MTU1NDQzMw%3D%3D.3-ccb7-5&oh=00_AYAIALc4wekSWIaW2ecEM60ggRmF_0We8I-I6G4b2TDnTA&oe=67BEC2D6&_nc_sid=8b3546","https://scontent-ord5-2.cdninstagram.com/v/t51.2885-15/481021808_17857606278372022_1808110064758319785_n.webp?stp=dst-jpg_e35_p1080x1080_sh0.08_tt6&_nc_ht=scontent-ord5-2.cdninstagram.com&_nc_cat=110&_nc_oc=Q6cZ2AFmwYpPNArc1XtTNJJ11CI3ysyutKBw6T7OhndaQofsWQndOBi0O_aPjYOUlVeOJa0&_nc_ohc=SEfcolvevOsQ7kNvgEfyJVY&_nc_gid=b343a97038c54db586f58e5b2ab592d2&edm=AOQ1c0wBAAAA&ccb=7-5&ig_cache_key=MzU3MjA3MDU3NTE3ODQxMzcxNQ%3D%3D.3-ccb7-5&oh=00_AYBxCE-PmiQtbw8O3OKgm-v2iLfP7WvuG_L7h6r3IelC6w&oe=67BEC3D3&_nc_sid=8b3546","30","71096492021","cozytales_books","DGSi0YPoPN7","2025-02-20T09:33:38.000Z","Sidecar","https://www.instagram.com/p/DGSi0YPoPN7/","La magia de la lavanda","Hoy quiero compartir con vosotras un post muy especial sobre uno de mis aromas favoritos: la lavanda. 💜🌿 Si lees el post, descubrirás por qué su fragancia es tan relajante y especial.

A veces, necesitamos detenernos un momento, respirar hondo y disfrutar de esos pequeños placeres que nos hacen sentir bien. Si eres como yo y amas las velitas y los ratitos de lectura, seguro que te encantará tener una vela de lavanda para acompañar esos momentos de calma y autocuidado. ✨📖

Si te animas a conseguir la tuya, escríbeme por mensaje directo. ¡Espero que te guste el post! Cuéntame en comentarios si te gustaría que hiciera lo mismo con los demás aromas de la tienda. 💬💕","La magia de la lavanda","","0","1350","1080","https://scontent-ord5-2.cdninstagram.com/v/t51.2885-15/480577837_17857486341372022_362022179684820337_n.webp?stp=dst-jpg_e35_p1080x1080_sh0.08_tt6&_nc_ht=scontent-ord5-2.cdninstagram.com&_nc_cat=110&_nc_oc=Q6cZ2AFmwYpPNArc1XtTNJJ11CI3ysyutKBw6T7OhndaQofsWQndOBi0O_aPjYOUlVeOJa0&_nc_ohc=3NKnj8mItXAQ7kNvgG-gEO0&_nc_gid=b343a97038c54db586f58e5b2ab592d2&edm=AOQ1c0wBAAAA&ccb=7-5&ig_cache_key=MzU3MTQ1MDU5OTM3NTYzMTYzNg%3D%3D.3-ccb7-5&oh=00_AYCU0OhgQpb-QppRUrZIZWTmq7x7sFvpIBxRbfSADul-6Q&oe=67BEA69C&_nc_sid=8b3546","","3571450599375631636",,"71096492021","cozytales_books","DGQV2XUo_UU",,"Image","https://www.instagram.com/p/DGQV2XUo_UU/","Historia de la lavanda","","0","1350","1080","https://scontent-ord5-2.cdninstagram.com/v/t51.2885-15/480479542_17857486350372022_3959331330582134984_n.webp?stp=dst-jpg_e35_p1080x1080_sh0.08_tt6&_nc_ht=scontent-ord5-2.cdninstagram.com&_nc_cat=110&_nc_oc=Q6cZ2AFmwYpPNArc1XtTNJJ11CI3ysyutKBw6T7OhndaQofsWQndOBi0O_aPjYOUlVeOJa0&_nc_ohc=jZMV-P04l-cQ7kNvgH5LpL5&_nc_gid=b343a97038c54db586f58e5b2ab592d2&edm=AOQ1c0wBAAAA&ccb=7-5&ig_cache_key=MzU3MTQ1MDU5ODk3Mjk2MzA0Mw%3D%3D.3-ccb7-5&oh=00_AYCe7dGOvgme9YGbpdt-9mOBwc3tSno8hLs_SkSeua9klA&oe=67BEB612&_nc_sid=8b3546","","3571450598972963043",,"71096492021","cozytales_books","DGQV2W8o7jj",,"Image","https://www.instagram.com/p/DGQV2W8o7jj/","Beneficios del aroma a lavanda","","0","1350","1080","https://scontent-ord5-2.cdninstagram.com/v/t51.2885-15/480429630_17857486362372022_8627230247280083045_n.webp?stp=dst-jpg_e35_p1080x1080_sh0.08_tt6&_nc_ht=scontent-ord5-2.cdninstagram.com&_nc_cat=110&_nc_oc=Q6cZ2AFmwYpPNArc1XtTNJJ11CI3ysyutKBw6T7OhndaQofsWQndOBi0O_aPjYOUlVeOJa0&_nc_ohc=iQU7W3J3WaAQ7kNvgEDqmLU&_nc_gid=b343a97038c54db586f58e5b2ab592d2&edm=AOQ1c0wBAAAA&ccb=7-5&ig_cache_key=MzU3MTQ1MDU5ODk2NDUxMDcxOA%3D%3D.3-ccb7-5&oh=00_AYCL1tZLAUomECwzSBLU1DMtxTws2XEV5hq3aRt1soxXnw&oe=67BEA6BC&_nc_sid=8b3546","","3571450598964510718",,"71096492021","cozytales_books","DGQV2W8Ir_-",,"Image","https://www.instagram.com/p/DGQV2W8Ir_-/","Velitas de lavanda","","0","1350","1080","https://scontent-ord5-2.cdninstagram.com/v/t51.2885-15/480683576_17857486374372022_842493916462119628_n.webp?stp=dst-jpg_e35_p1080x1080_sh0.08_tt6&_nc_ht=scontent-ord5-2.cdninstagram.com&_nc_cat=110&_nc_oc=Q6cZ2AFmwYpPNArc1XtTNJJ11CI3ysyutKBw6T7OhndaQofsWQndOBi0O_aPjYOUlVeOJa0&_nc_ohc=X087jj7SC5AQ7kNvgFpEpJB&_nc_gid=b343a97038c54db586f58e5b2ab592d2&edm=AOQ1c0wBAAAA&ccb=7-5&ig_cache_key=MzU3MTQ1MDU5ODk3Mjg4Nzk4OA%3D%3D.3-ccb7-5&oh=00_AYD5QBjpUEeHiBX3WRgUDQLVRubRmtnITwM5oP5hC23Lsg&oe=67BEB49A&_nc_sid=8b3546","","3571450598972887988",,"71096492021","cozytales_books","DGQV2W8opO0",,"Image","https://www.instagram.com/p/DGQV2W8opO0/","Escríbeme para conseguir tu velita de lavanda","","0","1350","1080","https://scontent-ord5-2.cdninstagram.com/v/t51.2885-15/481050506_17857486386372022_7104424387869083951_n.webp?stp=dst-jpg_e35_p1080x1080_sh0.08_tt6&_nc_ht=scontent-ord5-2.cdninstagram.com&_nc_cat=110&_nc_oc=Q6cZ2AFmwYpPNArc1XtTNJJ11CI3ysyutKBw6T7OhndaQofsWQndOBi0O_aPjYOUlVeOJa0&_nc_ohc=KNUmx2cFHr0Q7kNvgFV5fPz&_nc_gid=b343a97038c54db586f58e5b2ab592d2&edm=AOQ1c0wBAAAA&ccb=7-5&ig_cache_key=MzU3MTQ1MDU5ODk3Mjc5NDU4Mw%3D%3D.3-ccb7-5&oh=00_AYCkEi2wxh_lVHEOi1N2uNRsPEDGJAjgvotwEBQPq6WK0Q&oe=67BEA052&_nc_sid=8b3546","","3571450598972794583",,"71096492021","cozytales_books","DGQV2W8oSbX",,"Image","https://www.instagram.com/p/DGQV2W8oSbX/","7","1350","1080","https://scontent-ord5-2.cdninstagram.com/v/t51.2885-15/480577837_17857486341372022_362022179684820337_n.webp?stp=dst-jpg_e35_p1080x1080_sh0.08_tt6&_nc_ht=scontent-ord5-2.cdninstagram.com&_nc_cat=110&_nc_oc=Q6cZ2AFmwYpPNArc1XtTNJJ11CI3ysyutKBw6T7OhndaQofsWQndOBi0O_aPjYOUlVeOJa0&_nc_ohc=3NKnj8mItXAQ7kNvgG-gEO0&_nc_gid=b343a97038c54db586f58e5b2ab592d2&edm=AOQ1c0wBAAAA&ccb=7-5&ig_cache_key=MzU3MTQ1MDU5OTM3NTYzMTYzNg%3D%3D.3-ccb7-5&oh=00_AYCU0OhgQpb-QppRUrZIZWTmq7x7sFvpIBxRbfSADul-6Q&oe=67BEA69C&_nc_sid=8b3546","3571450614600754098","https://scontent-ord5-2.cdninstagram.com/v/t51.2885-15/480577837_17857486341372022_362022179684820337_n.webp?stp=dst-jpg_e35_p1080x1080_sh0.08_tt6&_nc_ht=scontent-ord5-2.cdninstagram.com&_nc_cat=110&_nc_oc=Q6cZ2AFmwYpPNArc1XtTNJJ11CI3ysyutKBw6T7OhndaQofsWQndOBi0O_aPjYOUlVeOJa0&_nc_ohc=3NKnj8mItXAQ7kNvgG-gEO0&_nc_gid=b343a97038c54db586f58e5b2ab592d2&edm=AOQ1c0wBAAAA&ccb=7-5&ig_cache_key=MzU3MTQ1MDU5OTM3NTYzMTYzNg%3D%3D.3-ccb7-5&oh=00_AYCU0OhgQpb-QppRUrZIZWTmq7x7sFvpIBxRbfSADul-6Q&oe=67BEA69C&_nc_sid=8b3546","https://scontent-ord5-2.cdninstagram.com/v/t51.2885-15/480479542_17857486350372022_3959331330582134984_n.webp?stp=dst-jpg_e35_p1080x1080_sh0.08_tt6&_nc_ht=scontent-ord5-2.cdninstagram.com&_nc_cat=110&_nc_oc=Q6cZ2AFmwYpPNArc1XtTNJJ11CI3ysyutKBw6T7OhndaQofsWQndOBi0O_aPjYOUlVeOJa0&_nc_ohc=jZMV-P04l-cQ7kNvgH5LpL5&_nc_gid=b343a97038c54db586f58e5b2ab592d2&edm=AOQ1c0wBAAAA&ccb=7-5&ig_cache_key=MzU3MTQ1MDU5ODk3Mjk2MzA0Mw%3D%3D.3-ccb7-5&oh=00_AYCe7dGOvgme9YGbpdt-9mOBwc3tSno8hLs_SkSeua9klA&oe=67BEB612&_nc_sid=8b3546","https://scontent-ord5-2.cdninstagram.com/v/t51.2885-15/480429630_17857486362372022_8627230247280083045_n.webp?stp=dst-jpg_e35_p1080x1080_sh0.08_tt6&_nc_ht=scontent-ord5-2.cdninstagram.com&_nc_cat=110&_nc_oc=Q6cZ2AFmwYpPNArc1XtTNJJ11CI3ysyutKBw6T7OhndaQofsWQndOBi0O_aPjYOUlVeOJa0&_nc_ohc=iQU7W3J3WaAQ7kNvgEDqmLU&_nc_gid=b343a97038c54db586f58e5b2ab592d2&edm=AOQ1c0wBAAAA&ccb=7-5&ig_cache_key=MzU3MTQ1MDU5ODk2NDUxMDcxOA%3D%3D.3-ccb7-5&oh=00_AYCL1tZLAUomECwzSBLU1DMtxTws2XEV5hq3aRt1soxXnw&oe=67BEA6BC&_nc_sid=8b3546","https://scontent-ord5-2.cdninstagram.com/v/t51.2885-15/480683576_17857486374372022_842493916462119628_n.webp?stp=dst-jpg_e35_p1080x1080_sh0.08_tt6&_nc_ht=scontent-ord5-2.cdninstagram.com&_nc_cat=110&_nc_oc=Q6cZ2AFmwYpPNArc1XtTNJJ11CI3ysyutKBw6T7OhndaQofsWQndOBi0O_aPjYOUlVeOJa0&_nc_ohc=X087jj7SC5AQ7kNvgFpEpJB&_nc_gid=b343a97038c54db586f58e5b2ab592d2&edm=AOQ1c0wBAAAA&ccb=7-5&ig_cache_key=MzU3MTQ1MDU5ODk3Mjg4Nzk4OA%3D%3D.3-ccb7-5&oh=00_AYD5QBjpUEeHiBX3WRgUDQLVRubRmtnITwM5oP5hC23Lsg&oe=67BEB49A&_nc_sid=8b3546","https://scontent-ord5-2.cdninstagram.com/v/t51.2885-15/481050506_17857486386372022_7104424387869083951_n.webp?stp=dst-jpg_e35_p1080x1080_sh0.08_tt6&_nc_ht=scontent-ord5-2.cdninstagram.com&_nc_cat=110&_nc_oc=Q6cZ2AFmwYpPNArc1XtTNJJ11CI3ysyutKBw6T7OhndaQofsWQndOBi0O_aPjYOUlVeOJa0&_nc_ohc=KNUmx2cFHr0Q7kNvgFV5fPz&_nc_gid=b343a97038c54db586f58e5b2ab592d2&edm=AOQ1c0wBAAAA&ccb=7-5&ig_cache_key=MzU3MTQ1MDU5ODk3Mjc5NDU4Mw%3D%3D.3-ccb7-5&oh=00_AYCkEi2wxh_lVHEOi1N2uNRsPEDGJAjgvotwEBQPq6WK0Q&oe=67BEA052&_nc_sid=8b3546","32","71096492021","cozytales_books","DGQV2lgIOOy","2025-02-19T13:01:52.000Z","Sidecar","https://www.instagram.com/p/DGQV2lgIOOy/","Photo by Cozy Tales | Productos literarios on February 18, 2025. May be an image of text.","✨ ¿Te gustan estos marcapáginas de madera? Cada uno está pirograbado a mano con muchísimo cariño y detalle, pensado para acompañarte en tus lecturas más especiales. 📖💛

Son piezas únicas, perfectas para marcar las historias que te han dejado huella y, cuando no las estés usando, ¡quedan preciosas decorando tu estantería! 🌿✨

Y si quieres algo aún más personal… puedo crear un marcapáginas inspirado en tu libro favorito. 📚💫 Si tienes alguna idea o te gustan los que ves en la foto escríbeme y hablamos😊.

En la foto hay un diseño nuevo que aún no os había enseñado… 👀 ¿Sabes cuál es? ¡Te leo en comentarios! 💬💕","6","1350","1080","https://scontent-ord5-2.cdninstagram.com/v/t51.2885-15/480353820_17857323228372022_5167667596688393336_n.webp?stp=dst-jpg_e35_p1080x1080_sh0.08_tt6&_nc_ht=scontent-ord5-2.cdninstagram.com&_nc_cat=110&_nc_oc=Q6cZ2AFmwYpPNArc1XtTNJJ11CI3ysyutKBw6T7OhndaQofsWQndOBi0O_aPjYOUlVeOJa0&_nc_ohc=kdlGIDJ1V0YQ7kNvgGdmPOi&_nc_gid=b343a97038c54db586f58e5b2ab592d2&edm=AOQ1c0wBAAAA&ccb=7-5&ig_cache_key=MzU3MDYyOTc4OTY4NTQ1ODE1MA%3D%3D.3-ccb7-5&oh=00_AYBZv0wOxqI-1ZDNBt9xDe0ecPKON2pRmDK68qfG-XFMJA&oe=67BEB109&_nc_sid=8b3546","3570629789685458150","38","71096492021","cozytales_books","DGNbOAuoSTm","2025-02-18T09:51:02.000Z","Image","https://www.instagram.com/p/DGNbOAuoSTm/",,"✨ Así empaco tus velitas literarias ✨

Cada pedido que sale de aquí está lleno de amor, detalles y, por supuesto, el aroma perfecto para acompañar tus lecturas. 📖🕯️💌

Desde el momento en que eliges tu vela hasta que llega a tu puerta, todo está pensado para que vivas una experiencia mágica. ✨📦

📍 Empaque cuidadoso
📍 Detalles especiales
📍 Un pedacito de tu historia en cada envío

Te recuerdo que puedes elegir entre aroma de lavanda y canela, aunque de esta última solo queda una🤭. Además si haces la compra en febrero te llevas un marcapáginas de telita de esquina de REGALO... Hazte con ella!!💫💛

#velas #libros #hechoamano #sanvalentin #regalos #lectura #bookstagram #cozy","8","1136","640","https://scontent-ord5-2.cdninstagram.com/v/t51.2885-15/475449161_2016676892178226_476645841755321948_n.jpg?stp=dst-jpg_e15_tt6&_nc_ht=scontent-ord5-2.cdninstagram.com&_nc_cat=110&_nc_oc=Q6cZ2AFmwYpPNArc1XtTNJJ11CI3ysyutKBw6T7OhndaQofsWQndOBi0O_aPjYOUlVeOJa0&_nc_ohc=6YTJkFHY7CEQ7kNvgHf17yz&_nc_gid=b343a97038c54db586f58e5b2ab592d2&edm=AOQ1c0wBAAAA&ccb=7-5&oh=00_AYAKnTkqh4B3mBkl4iial7J8BjWQ_eAaprPtZHIp84wTyg&oe=67BEA013&_nc_sid=8b3546","velas","libros","hechoamano","sanvalentin","regalos","lectura","bookstagram","cozy","3566998023749889356","32","71096492021","cozytales_books","clips","DGAhc3IIe1M","2025-02-13T09:36:55.000Z","Video","https://www.instagram.com/p/DGAhc3IIe1M/","https://scontent-ord5-2.cdninstagram.com/o1/v/t16/f2/m86/AQP_cD8qtPgTROZdV4NwVbuhSzNOxwGfip6olfXQL6AXs0ZiGKeQeXUw67GaIujtBuPYIN8T_muHeGJCCC0tgJ5HR6NB-RbCMQPiEF4.mp4?stp=dst-mp4&efg=eyJxZV9ncm91cHMiOiJbXCJpZ193ZWJfZGVsaXZlcnlfdnRzX290ZlwiXSIsInZlbmNvZGVfdGFnIjoidnRzX3ZvZF91cmxnZW4uY2xpcHMuYzIuNzIwLmJhc2VsaW5lIn0&_nc_cat=108&vs=2207081556377251_2555883015&_nc_vs=HBksFQIYUmlnX3hwdl9yZWVsc19wZXJtYW5lbnRfc3JfcHJvZC83MDQ5N0VGRTY1NTlBNjYxQzY1ODQ5NTQ2Mjg0MDE5Rl92aWRlb19kYXNoaW5pdC5tcDQVAALIAQAVAhg6cGFzc3Rocm91Z2hfZXZlcnN0b3JlL0dOckdnaHpTdl81eGFZOEJBRTRaOWdXWlpPODFicV9FQUFBRhUCAsgBACgAGAAbABUAACaQ0KLT%2Fey%2FPxUCKAJDMywXQEwZmZmZmZoYEmRhc2hfYmFzZWxpbmVfMV92MREAdf4HAA%3D%3D&ccb=9-4&oh=00_AYALgPJhfLe_l4f9BE_uucEuz9bCznmZ8HUt97757W9sVg&oe=67BAA18A&_nc_sid=8b3546","89","Photo by Cozy Tales | Productos literarios on February 12, 2025. May be an image of towel, suitcase, basket, hamper, tablecloth and text.","✨📚 FUNDITAS LITERARIAS: ¡Protege tus libros favoritos! 📚✨

Si eres de las que no pueden ir a ningún lado sin su libro, necesitas una funda literaria que lo cuide y lo mantenga impecable en cada aventura. Nada de esquinas dobladas ni portadas arrugadas, ¡tu lectura merece estar bien protegida! 💕📖

Hoy te traigo estos modelos de fundas acolchadas, hechas a mano con mucho amor y perfectas para acompañarte donde quieras:

🌸 Funda de flores rosa – ¡Última unidad! Si te gusta, no la dejes escapar.

💙 Funda de flores azules – Un diseño elegante y romántico.

🤍 Funda de pelito beige sin botón – Extra suave y acogedora. Disponible solo en tamaño Kindle (y solo queda una).

✨ Funda beige de puntitos – Súper gordita y calentita, perfecta para mimar tu libro. (Quedan 2 unidades).

⚡ Funda casas Harry Potter – Para los más fans del mundo mágico. Disponible en 2 ejemplares.

📢 ¡Stock muy limitado! Si te enamoras de alguna, no dudes en hacerte con ella antes de que vuele.

📌 En historias destacadas te las dejo una a una para que las veas con más detalle.

📩 Para hacer tu pedido, escríbeme por mensaje directo. ¡Me encantará ayudarte a elegir la ideal para ti!
💬 Cuéntame, ¿cuál es tu favorita? ¿Te gustaría ver otros diseños en el futuro? ¡Te leo en comentarios! 👇✨

#fundasliterarias #libros #bookstagram #LecturaCozy #hechoamano #lectura","8","1350","1080","https://scontent-ord5-2.cdninstagram.com/v/t51.2885-15/477158116_17856437409372022_1842443140491579087_n.webp?stp=dst-jpg_e35_p1080x1080_sh0.08_tt6&_nc_ht=scontent-ord5-2.cdninstagram.com&_nc_cat=110&_nc_oc=Q6cZ2AFmwYpPNArc1XtTNJJ11CI3ysyutKBw6T7OhndaQofsWQndOBi0O_aPjYOUlVeOJa0&_nc_ohc=yV4hyynfMxQQ7kNvgFYETzV&_nc_gid=b343a97038c54db586f58e5b2ab592d2&edm=AOQ1c0wBAAAA&ccb=7-5&ig_cache_key=MzU2NjI1NTcyMjU2Mzk3ODM5MQ%3D%3D.3-ccb7-5&oh=00_AYDxX12t8wyM06iBawFjy1nxEKwB77tDOAXg-0ZR6tIdMA&oe=67BEC50C&_nc_sid=8b3546","fundasliterarias","libros","bookstagram","LecturaCozy","hechoamano","lectura","3566255722563978391","32","71096492021","cozytales_books","DF94q9RoUSX","2025-02-12T09:00:32.000Z","Image","https://www.instagram.com/p/DF94q9RoUSX/",,"❤️FELIZ MES DEL AMOR Y LA AMISTAD❤️

Quiero anunciaros que con motivo de San Valentín, todos los pedidos que hagáis este mes en la tienda llevarán uno de estos preciosos marcapáginas de tela de REGALO🥰
Os recuerdo que podéis elegir entre todas éstas cositas en Cozy Tales:

📖 MARCAPÁGINAS de madera grabados a mano. Con motivos literarios o personalizados.

🪵VELITAS naturales aromáticas 

🗝️LLAVEROS de madera natural grabados a mano. Diseños disponibles en la tienda o personalizados.

🌸FUNDAS LITERARIAS acolchadas y perfectas para llevar tus libros a cualquier parte.

🦄STICKERS literarios o de ACOTAR. Súper útiles para decorar tu kindle, cuadernos, portátil...

¿Necesitas más información? No dudes en preguntarme por mensaje directo. Estaré encantada de hablar contigo.
Aprovecha esta oportunidad perfecta para tener artículos literarios súper originales🥰

❤️❣️Feliz San Valentín a todas!!❤️❣️

#sanvalentin #AmorPorLosLibros #regalos #libros #bookstagram #artesanía #lectura #hechoamano #madera #marcapaginas","4","854","480","https://scontent-ord5-2.cdninstagram.com/v/t51.2885-15/476855090_17856330921372022_1571646222920730966_n.jpg?stp=dst-jpg_e15_tt6&_nc_ht=scontent-ord5-2.cdninstagram.com&_nc_cat=110&_nc_oc=Q6cZ2AFmwYpPNArc1XtTNJJ11CI3ysyutKBw6T7OhndaQofsWQndOBi0O_aPjYOUlVeOJa0&_nc_ohc=QFQV5fonbMIQ7kNvgGAakZC&_nc_gid=b343a97038c54db586f58e5b2ab592d2&edm=AOQ1c0wBAAAA&ccb=7-5&oh=00_AYD8uu4tHL7nsYrJa4y_cM0GA1KvU35OPFhjgIvkWuh40Q&oe=67BE9D11&_nc_sid=8b3546","sanvalentin","AmorPorLosLibros","regalos","libros","bookstagram","artesanía","lectura","hechoamano","madera","marcapaginas","3565678956782957372","27","Michael Bublé","243622943080175","false","","L O V E","false","71096492021","cozytales_books","clips","DF71h6SIjM8","2025-02-11T14:07:46.000Z","Video","https://www.instagram.com/p/DF71h6SIjM8/","https://scontent-ord5-2.cdninstagram.com/o1/v/t16/f2/m86/AQMHSXguSejy3I8YrCh9uasaHehea3gIjYrvGUfM6499hU1cTdnOmKl8PpqNAwE4mZamAhUkB_6LEkurS2wPSpL0YtWQ3A_55XUdJ6k.mp4?stp=dst-mp4&efg=eyJxZV9ncm91cHMiOiJbXCJpZ193ZWJfZGVsaXZlcnlfdnRzX290ZlwiXSIsInZlbmNvZGVfdGFnIjoidnRzX3ZvZF91cmxnZW4uY2xpcHMuYzIuNzIwLmJhc2VsaW5lIn0&_nc_cat=103&vs=1121684719696324_3769573364&_nc_vs=HBksFQIYUmlnX3hwdl9yZWVsc19wZXJtYW5lbnRfc3JfcHJvZC8zODQyODlEMEI2RkM3QzcxQ0Y1NzQ2QTlGRDc1M0I4MV92aWRlb19kYXNoaW5pdC5tcDQVAALIAQAVAhg6cGFzc3Rocm91Z2hfZXZlcnN0b3JlL0dLWnlheHh3VFBaTndJc0pBQjVRXy1ZRHBKdFhicV9FQUFBRhUCAsgBACgAGAAbABUAACaAmd%2B4tumXQBUCKAJDMywXQDyzMzMzMzMYEmRhc2hfYmFzZWxpbmVfMV92MREAdf4HAA%3D%3D&ccb=9-4&oh=00_AYBpO65YP8U3R-HI-QjzOJmvCtbJj3Y9kLjVMhtwNcUxXA&oe=67BABC25&_nc_sid=8b3546","198","Photo by Cozy Tales | Productos literarios on February 04, 2025. May be an image of ‎hand cream and ‎text that says '‎¿cómo me inspiro para crear mis productos? ا‎'‎‎.","🌿✨ La magia de transformar lo simple en algo especial ✨🌿

A veces, la naturaleza nos regala pequeños tesoros: una rama caída, un tronco olvidado… Solo hay que mirar con otros ojos para ver todo lo que pueden llegar a ser. 🔥🕯️

En Cozy Tales, cada pieza cuenta su propia historia, como en los libros que nos transportan a otros mundos. Con imaginación y cariño, todo cobra vida.

En esta publicación os dejo un adelanto de algunos nuevos productos que introduciré en las siguientes semanas, como las velitas de soja naturales en recipientes de madera 100% natural o los nuevos llaveros y marcapáginas de Los chicos de Tommen 🥰 ¿Qué os parecen?

Y a ti, ¿Qué te inspira a crear? 👀💭 Déjamelo en comentarios.

#libros #artesanía
#natural #LecturaCozy #naturaleza #madera #original #imaginacion #hechoamano","Photo by Cozy Tales | Productos literarios on February 04, 2025. May be an image of ‎hand cream and ‎text that says '‎¿cómo me inspiro para crear mis productos? ا‎'‎‎.","","0","1350","1080","https://scontent-ord5-2.cdninstagram.com/v/t51.2885-15/475746141_17855307801372022_1347463510862418980_n.webp?stp=dst-jpg_e35_p1080x1080_sh0.08_tt6&_nc_ht=scontent-ord5-2.cdninstagram.com&_nc_cat=110&_nc_oc=Q6cZ2AFmwYpPNArc1XtTNJJ11CI3ysyutKBw6T7OhndaQofsWQndOBi0O_aPjYOUlVeOJa0&_nc_ohc=59TW2IWoS2EQ7kNvgEZ0ve6&_nc_gid=b343a97038c54db586f58e5b2ab592d2&edm=AOQ1c0wBAAAA&ccb=7-5&ig_cache_key=MzU2MDQ1NzQ4Njc3NTM2MTkxMA%3D%3D.3-ccb7-5&oh=00_AYCocQdthuHJBuvqlooKpmdsa4SSfFvuznGLTXLK3kxdNw&oe=67BEAF6E&_nc_sid=8b3546","","3560457486775361910",,"71096492021","cozytales_books","DFpSThZICF2",,"Image","https://www.instagram.com/p/DFpSThZICF2/","Photo by Cozy Tales | Productos literarios on February 04, 2025. May be an image of plant and text that says 'La naturaleza Te da toda la inspiración que necesito'.","","0","1350","1080","https://scontent-ord5-2.cdninstagram.com/v/t51.2885-15/475999244_17855307810372022_7254395627142966836_n.webp?stp=dst-jpg_e35_p1080x1080_sh0.08_tt6&_nc_ht=scontent-ord5-2.cdninstagram.com&_nc_cat=110&_nc_oc=Q6cZ2AFmwYpPNArc1XtTNJJ11CI3ysyutKBw6T7OhndaQofsWQndOBi0O_aPjYOUlVeOJa0&_nc_ohc=vFP4ZegIA-kQ7kNvgF5NgUm&_nc_gid=b343a97038c54db586f58e5b2ab592d2&edm=AOQ1c0wBAAAA&ccb=7-5&ig_cache_key=MzU2MDQ1NzQ4NzExOTQ5NTQ3OQ%3D%3D.3-ccb7-5&oh=00_AYCx5mn1BWAwoBi5YVB7Lrt5oOV8-hO0bkuKnIFMBFG0aA&oe=67BE9603&_nc_sid=8b3546","","3560457487119495479",,"71096492021","cozytales_books","DFpSThtozE3",,"Image","https://www.instagram.com/p/DFpSThtozE3/","Photo by Cozy Tales | Productos literarios on February 04, 2025. May be an image of tree, outdoors and text that says '¿Son sólo troncos...'.","","0","1350","1080","https://scontent-ord5-2.cdninstagram.com/v/t51.2885-15/476087841_17855307819372022_7722260681674263285_n.webp?stp=dst-jpg_e35_p1080x1080_sh0.08_tt6&_nc_ht=scontent-ord5-2.cdninstagram.com&_nc_cat=110&_nc_oc=Q6cZ2AFmwYpPNArc1XtTNJJ11CI3ysyutKBw6T7OhndaQofsWQndOBi0O_aPjYOUlVeOJa0&_nc_ohc=te2FZHHaq2EQ7kNvgHquW7n&_nc_gid=b343a97038c54db586f58e5b2ab592d2&edm=AOQ1c0wBAAAA&ccb=7-5&ig_cache_key=MzU2MDQ1NzQ4Njc2NzA0ODAyNw%3D%3D.3-ccb7-5&oh=00_AYCk1qBrjChnA1u3_eDYqQ9tFzSoU6SbptPLfE47wY72VQ&oe=67BEC2BF&_nc_sid=8b3546","","3560457486767048027",,"71096492021","cozytales_books","DFpSThYoUVb",,"Image","https://www.instagram.com/p/DFpSThYoUVb/","Photo by Cozy Tales | Productos literarios on February 04, 2025. May be an image of candle and text that says '...O o pueden ser velitas naturales?'.","","0","1350","1080","https://scontent-ord5-2.cdninstagram.com/v/t51.2885-15/475838384_17855307828372022_3989021505848377719_n.webp?stp=dst-jpg_e35_p1080x1080_sh0.08_tt6&_nc_ht=scontent-ord5-2.cdninstagram.com&_nc_cat=110&_nc_oc=Q6cZ2AFmwYpPNArc1XtTNJJ11CI3ysyutKBw6T7OhndaQofsWQndOBi0O_aPjYOUlVeOJa0&_nc_ohc=1dH5diG7BVQQ7kNvgH-OPY5&_nc_gid=b343a97038c54db586f58e5b2ab592d2&edm=AOQ1c0wBAAAA&ccb=7-5&ig_cache_key=MzU2MDQ1NzQ4Njc3NTU5MTcwOQ%3D%3D.3-ccb7-5&oh=00_AYCaRKza_i7YBgdnEX79lYRjTwjXSGricToSTm5WL4cuNg&oe=67BEB9B4&_nc_sid=8b3546","","3560457486775591709",,"71096492021","cozytales_books","DFpSThZI6Md",,"Image","https://www.instagram.com/p/DFpSThZI6Md/","Photo by Cozy Tales | Productos literarios on February 04, 2025. May be an image of tree and text that says 'ES sólo una rama..'.","","0","1350","1080","https://scontent-ord5-2.cdninstagram.com/v/t51.2885-15/475943191_17855307837372022_3291591190954777019_n.webp?stp=dst-jpg_e35_p1080x1080_sh0.08_tt6&_nc_ht=scontent-ord5-2.cdninstagram.com&_nc_cat=110&_nc_oc=Q6cZ2AFmwYpPNArc1XtTNJJ11CI3ysyutKBw6T7OhndaQofsWQndOBi0O_aPjYOUlVeOJa0&_nc_ohc=hfa8nwKHuZAQ7kNvgFtCuZ5&_nc_gid=b343a97038c54db586f58e5b2ab592d2&edm=AOQ1c0wBAAAA&ccb=7-5&ig_cache_key=MzU2MDQ1NzQ4Njc3NTM5MDE0Nw%3D%3D.3-ccb7-5&oh=00_AYC2oWvifq9QH846yts_24YtFLOeSXOxqWOTZQ1bnGI1Fg&oe=67BEC4F0&_nc_sid=8b3546","","3560457486775390147",,"71096492021","cozytales_books","DFpSThZII_D",,"Image","https://www.instagram.com/p/DFpSThZII_D/","Photo by Cozy Tales | Productos literarios on February 04, 2025. May be an image of text that says '...Aunque también puede transformarse en llaveritos únicos'.","","0","1350","1080","https://scontent-ord5-2.cdninstagram.com/v/t51.2885-15/476101542_17855307846372022_8090257383666489114_n.webp?stp=dst-jpg_e35_p1080x1080_sh0.08_tt6&_nc_ht=scontent-ord5-2.cdninstagram.com&_nc_cat=110&_nc_oc=Q6cZ2AFmwYpPNArc1XtTNJJ11CI3ysyutKBw6T7OhndaQofsWQndOBi0O_aPjYOUlVeOJa0&_nc_ohc=6zdx6HMzOnAQ7kNvgED6Oaq&_nc_gid=b343a97038c54db586f58e5b2ab592d2&edm=AOQ1c0wBAAAA&ccb=7-5&ig_cache_key=MzU2MDQ1NzQ4Njc4Mzk5MDYxNA%3D%3D.3-ccb7-5&oh=00_AYAY30cxWA1Xh877m2adfly1XwNw1HHCMs9v65ZwkTs1BA&oe=67BEA66F&_nc_sid=8b3546","","3560457486783990614",,"71096492021","cozytales_books","DFpSThZo8tW",,"Image","https://www.instagram.com/p/DFpSThZo8tW/","Photo by Cozy Tales | Productos literarios on February 04, 2025. May be an image of ‎text that says '‎Todo cobra vida con algo de imaginación y cariño DARS ቀተባቶችው BRAVE 特視 لم อง้ FOURTA اکل Prmerlesse ONYESTORM STORM 0ขา DIE‎'‎.","","0","1350","1080","https://scontent-ord5-2.cdninstagram.com/v/t51.2885-15/475986921_17855307855372022_6019955223715910621_n.webp?stp=dst-jpg_e35_p1080x1080_sh0.08_tt6&_nc_ht=scontent-ord5-2.cdninstagram.com&_nc_cat=110&_nc_oc=Q6cZ2AFmwYpPNArc1XtTNJJ11CI3ysyutKBw6T7OhndaQofsWQndOBi0O_aPjYOUlVeOJa0&_nc_ohc=Wm38P3pUwTsQ7kNvgGxZjbf&_nc_gid=b343a97038c54db586f58e5b2ab592d2&edm=AOQ1c0wBAAAA&ccb=7-5&ig_cache_key=MzU2MDQ1NzQ4Njc3NTU3ODEzNQ%3D%3D.3-ccb7-5&oh=00_AYBN5Ox_A4_VVMjXkulAh51cJm6rTbJ9YZVwr2mLVZcy8g&oe=67BE9301&_nc_sid=8b3546","","3560457486775578135",,"71096492021","cozytales_books","DFpSThZI24X",,"Image","https://www.instagram.com/p/DFpSThZI24X/","Photo by Cozy Tales | Productos literarios on February 04, 2025. May be an image of text that says 'K ዓርያሩ Yati, ti, ¿qué te inspira?'.","","0","1350","1080","https://scontent-ord5-2.cdninstagram.com/v/t51.2885-15/476077124_17855307864372022_8366587547600341982_n.webp?stp=dst-jpg_e35_p1080x1080_sh0.08_tt6&_nc_ht=scontent-ord5-2.cdninstagram.com&_nc_cat=110&_nc_oc=Q6cZ2AFmwYpPNArc1XtTNJJ11CI3ysyutKBw6T7OhndaQofsWQndOBi0O_aPjYOUlVeOJa0&_nc_ohc=jgo_Cf6sul0Q7kNvgEYkmbY&_nc_gid=b343a97038c54db586f58e5b2ab592d2&edm=AOQ1c0wBAAAA&ccb=7-5&ig_cache_key=MzU2MDQ1NzQ4Njc4Mzk3ODU3OA%3D%3D.3-ccb7-5&oh=00_AYCNspHwJ8HYYb9kkVY--t1hkPjlDv-c5kutsPpdk4RjTA&oe=67BEC4AD&_nc_sid=8b3546","","3560457486783978578",,"71096492021","cozytales_books","DFpSThZo5xS",,"Image","https://www.instagram.com/p/DFpSThZo5xS/","20","1350","1080","https://scontent-ord5-2.cdninstagram.com/v/t51.2885-15/475746141_17855307801372022_1347463510862418980_n.webp?stp=dst-jpg_e35_p1080x1080_sh0.08_tt6&_nc_ht=scontent-ord5-2.cdninstagram.com&_nc_cat=110&_nc_oc=Q6cZ2AFmwYpPNArc1XtTNJJ11CI3ysyutKBw6T7OhndaQofsWQndOBi0O_aPjYOUlVeOJa0&_nc_ohc=59TW2IWoS2EQ7kNvgEZ0ve6&_nc_gid=b343a97038c54db586f58e5b2ab592d2&edm=AOQ1c0wBAAAA&ccb=7-5&ig_cache_key=MzU2MDQ1NzQ4Njc3NTM2MTkxMA%3D%3D.3-ccb7-5&oh=00_AYCocQdthuHJBuvqlooKpmdsa4SSfFvuznGLTXLK3kxdNw&oe=67BEAF6E&_nc_sid=8b3546","libros","artesanía","natural","LecturaCozy","naturaleza","madera","original","imaginacion","hechoamano","3560457504551004459","https://scontent-ord5-2.cdninstagram.com/v/t51.2885-15/475746141_17855307801372022_1347463510862418980_n.webp?stp=dst-jpg_e35_p1080x1080_sh0.08_tt6&_nc_ht=scontent-ord5-2.cdninstagram.com&_nc_cat=110&_nc_oc=Q6cZ2AFmwYpPNArc1XtTNJJ11CI3ysyutKBw6T7OhndaQofsWQndOBi0O_aPjYOUlVeOJa0&_nc_ohc=59TW2IWoS2EQ7kNvgEZ0ve6&_nc_gid=b343a97038c54db586f58e5b2ab592d2&edm=AOQ1c0wBAAAA&ccb=7-5&ig_cache_key=MzU2MDQ1NzQ4Njc3NTM2MTkxMA%3D%3D.3-ccb7-5&oh=00_AYCocQdthuHJBuvqlooKpmdsa4SSfFvuznGLTXLK3kxdNw&oe=67BEAF6E&_nc_sid=8b3546","https://scontent-ord5-2.cdninstagram.com/v/t51.2885-15/475999244_17855307810372022_7254395627142966836_n.webp?stp=dst-jpg_e35_p1080x1080_sh0.08_tt6&_nc_ht=scontent-ord5-2.cdninstagram.com&_nc_cat=110&_nc_oc=Q6cZ2AFmwYpPNArc1XtTNJJ11CI3ysyutKBw6T7OhndaQofsWQndOBi0O_aPjYOUlVeOJa0&_nc_ohc=vFP4ZegIA-kQ7kNvgF5NgUm&_nc_gid=b343a97038c54db586f58e5b2ab592d2&edm=AOQ1c0wBAAAA&ccb=7-5&ig_cache_key=MzU2MDQ1NzQ4NzExOTQ5NTQ3OQ%3D%3D.3-ccb7-5&oh=00_AYCx5mn1BWAwoBi5YVB7Lrt5oOV8-hO0bkuKnIFMBFG0aA&oe=67BE9603&_nc_sid=8b3546","https://scontent-ord5-2.cdninstagram.com/v/t51.2885-15/476087841_17855307819372022_7722260681674263285_n.webp?stp=dst-jpg_e35_p1080x1080_sh0.08_tt6&_nc_ht=scontent-ord5-2.cdninstagram.com&_nc_cat=110&_nc_oc=Q6cZ2AFmwYpPNArc1XtTNJJ11CI3ysyutKBw6T7OhndaQofsWQndOBi0O_aPjYOUlVeOJa0&_nc_ohc=te2FZHHaq2EQ7kNvgHquW7n&_nc_gid=b343a97038c54db586f58e5b2ab592d2&edm=AOQ1c0wBAAAA&ccb=7-5&ig_cache_key=MzU2MDQ1NzQ4Njc2NzA0ODAyNw%3D%3D.3-ccb7-5&oh=00_AYCk1qBrjChnA1u3_eDYqQ9tFzSoU6SbptPLfE47wY72VQ&oe=67BEC2BF&_nc_sid=8b3546","https://scontent-ord5-2.cdninstagram.com/v/t51.2885-15/475838384_17855307828372022_3989021505848377719_n.webp?stp=dst-jpg_e35_p1080x1080_sh0.08_tt6&_nc_ht=scontent-ord5-2.cdninstagram.com&_nc_cat=110&_nc_oc=Q6cZ2AFmwYpPNArc1XtTNJJ11CI3ysyutKBw6T7OhndaQofsWQndOBi0O_aPjYOUlVeOJa0&_nc_ohc=1dH5diG7BVQQ7kNvgH-OPY5&_nc_gid=b343a97038c54db586f58e5b2ab592d2&edm=AOQ1c0wBAAAA&ccb=7-5&ig_cache_key=MzU2MDQ1NzQ4Njc3NTU5MTcwOQ%3D%3D.3-ccb7-5&oh=00_AYCaRKza_i7YBgdnEX79lYRjTwjXSGricToSTm5WL4cuNg&oe=67BEB9B4&_nc_sid=8b3546","https://scontent-ord5-2.cdninstagram.com/v/t51.2885-15/475943191_17855307837372022_3291591190954777019_n.webp?stp=dst-jpg_e35_p1080x1080_sh0.08_tt6&_nc_ht=scontent-ord5-2.cdninstagram.com&_nc_cat=110&_nc_oc=Q6cZ2AFmwYpPNArc1XtTNJJ11CI3ysyutKBw6T7OhndaQofsWQndOBi0O_aPjYOUlVeOJa0&_nc_ohc=hfa8nwKHuZAQ7kNvgFtCuZ5&_nc_gid=b343a97038c54db586f58e5b2ab592d2&edm=AOQ1c0wBAAAA&ccb=7-5&ig_cache_key=MzU2MDQ1NzQ4Njc3NTM5MDE0Nw%3D%3D.3-ccb7-5&oh=00_AYC2oWvifq9QH846yts_24YtFLOeSXOxqWOTZQ1bnGI1Fg&oe=67BEC4F0&_nc_sid=8b3546","https://scontent-ord5-2.cdninstagram.com/v/t51.2885-15/476101542_17855307846372022_8090257383666489114_n.webp?stp=dst-jpg_e35_p1080x1080_sh0.08_tt6&_nc_ht=scontent-ord5-2.cdninstagram.com&_nc_cat=110&_nc_oc=Q6cZ2AFmwYpPNArc1XtTNJJ11CI3ysyutKBw6T7OhndaQofsWQndOBi0O_aPjYOUlVeOJa0&_nc_ohc=6zdx6HMzOnAQ7kNvgED6Oaq&_nc_gid=b343a97038c54db586f58e5b2ab592d2&edm=AOQ1c0wBAAAA&ccb=7-5&ig_cache_key=MzU2MDQ1NzQ4Njc4Mzk5MDYxNA%3D%3D.3-ccb7-5&oh=00_AYAY30cxWA1Xh877m2adfly1XwNw1HHCMs9v65ZwkTs1BA&oe=67BEA66F&_nc_sid=8b3546","https://scontent-ord5-2.cdninstagram.com/v/t51.2885-15/475986921_17855307855372022_6019955223715910621_n.webp?stp=dst-jpg_e35_p1080x1080_sh0.08_tt6&_nc_ht=scontent-ord5-2.cdninstagram.com&_nc_cat=110&_nc_oc=Q6cZ2AFmwYpPNArc1XtTNJJ11CI3ysyutKBw6T7OhndaQofsWQndOBi0O_aPjYOUlVeOJa0&_nc_ohc=Wm38P3pUwTsQ7kNvgGxZjbf&_nc_gid=b343a97038c54db586f58e5b2ab592d2&edm=AOQ1c0wBAAAA&ccb=7-5&ig_cache_key=MzU2MDQ1NzQ4Njc3NTU3ODEzNQ%3D%3D.3-ccb7-5&oh=00_AYBN5Ox_A4_VVMjXkulAh51cJm6rTbJ9YZVwr2mLVZcy8g&oe=67BE9301&_nc_sid=8b3546","https://scontent-ord5-2.cdninstagram.com/v/t51.2885-15/476077124_17855307864372022_8366587547600341982_n.webp?stp=dst-jpg_e35_p1080x1080_sh0.08_tt6&_nc_ht=scontent-ord5-2.cdninstagram.com&_nc_cat=110&_nc_oc=Q6cZ2AFmwYpPNArc1XtTNJJ11CI3ysyutKBw6T7OhndaQofsWQndOBi0O_aPjYOUlVeOJa0&_nc_ohc=jgo_Cf6sul0Q7kNvgEYkmbY&_nc_gid=b343a97038c54db586f58e5b2ab592d2&edm=AOQ1c0wBAAAA&ccb=7-5&ig_cache_key=MzU2MDQ1NzQ4Njc4Mzk3ODU3OA%3D%3D.3-ccb7-5&oh=00_AYCNspHwJ8HYYb9kkVY--t1hkPjlDv-c5kutsPpdk4RjTA&oe=67BEC4AD&_nc_sid=8b3546","38","71096492021","cozytales_books","DFpSTx8oukr","2025-02-04T09:00:31.000Z","Sidecar","https://www.instagram.com/p/DFpSTx8oukr/",,"""Hay libros que no solo lees, sino que se quedan contigo para siempre. 📚✨""
Hoy quiero compartir algunos de los libros que dejaron una huella especial en mi vida. Esos que me hicieron amar la lectura aún más, que me regalaron mundos mágicos, personajes inolvidables y momentos que siempre voy a recordar.

📖 ¿Tienes algún libro que te haya hecho sentir así? Me encantaría descubrir cuáles son los tuyos. ¡Déjalo en los comentarios! 🫶

💡 Si amas los libros tanto como yo y buscas un rincón cozy donde siempre haya algo literario para compartir, sígueme. 💌

#LectoresCozy #AmorPorLosLibros #FantasíaYRomance #LecturaInspiradora #libros #librosquemarcan","6","1136","640","https://scontent-ord5-2.cdninstagram.com/v/t51.2885-15/473792024_1869024757257724_5934043465200180507_n.jpg?stp=dst-jpg_e15_tt6&_nc_ht=scontent-ord5-2.cdninstagram.com&_nc_cat=104&_nc_oc=Q6cZ2AFmwYpPNArc1XtTNJJ11CI3ysyutKBw6T7OhndaQofsWQndOBi0O_aPjYOUlVeOJa0&_nc_ohc=19780F46NboQ7kNvgHKV9P3&_nc_gid=b343a97038c54db586f58e5b2ab592d2&edm=AOQ1c0wBAAAA&ccb=7-5&oh=00_AYBAZoy2fClI10BspnqqWCpW3g-wVWl0p6JY7PUTjAEhOA&oe=67BEB473&_nc_sid=8b3546","LectoresCozy","AmorPorLosLibros","FantasíaYRomance","LecturaInspiradora","libros","librosquemarcan","3551734390832852385","51","Woodbinns","1711683259339037","false","","Bluebird","false","71096492021","cozytales_books","clips","DFKS5xOIW2h","2025-01-23T08:09:49.000Z","Video","https://www.instagram.com/p/DFKS5xOIW2h/","https://scontent-ord5-2.cdninstagram.com/o1/v/t16/f2/m86/AQPcrmxy5Zl0QXuwLITH62GLko4D68PIv_aPlSMUpvJm_ubgalFPrwpeiUwSSdPauM3wRydCIHSQIABIVR_QmDRpKDybZK0UCCVAaEc.mp4?stp=dst-mp4&efg=eyJxZV9ncm91cHMiOiJbXCJpZ193ZWJfZGVsaXZlcnlfdnRzX290ZlwiXSIsInZlbmNvZGVfdGFnIjoidnRzX3ZvZF91cmxnZW4uY2xpcHMuYzIuNzIwLmJhc2VsaW5lIn0&_nc_cat=108&vs=511719981942375_583755859&_nc_vs=HBksFQIYUmlnX3hwdl9yZWVsc19wZXJtYW5lbnRfc3JfcHJvZC8yMjQ4NUE1ODI2ODg1NkEwQjZEQjE4NUUyRTE3ODE4NV92aWRlb19kYXNoaW5pdC5tcDQVAALIAQAVAhg6cGFzc3Rocm91Z2hfZXZlcnN0b3JlL0dMUHRUQnpvOWdhQ2tEc0NBR1BScHhVMkJnOEdicV9FQUFBRhUCAsgBACgAGAAbABUAACa%2ByMn3n%2B2IQBUCKAJDMywXQECu2RaHKwIYEmRhc2hfYmFzZWxpbmVfMV92MREAdf4HAA%3D%3D&ccb=9-4&oh=00_AYAGX_mvZiKPGWk5obT9jsvM71PWFg-LKWXtO-BLvalQjg&oe=67BAA7B8&_nc_sid=8b3546","112","Photo by Cozy Tales | Productos literarios on January 15, 2025. May be an image of book, candle and text.","✨ EDICIÓN LIMITADA ALAS DE ÓNYX✨
¿Quién más está deseando que llegue el día 22 de enero para poder leer Alas de Onyx?
Para celebrar este lanzamiento he creado este marcapáginas inspirado en su portada, perfecto para hacer una lectura super especial de este libro que llevamos tanto tiempo esperando. Personalmente necesitaba este marcapáginas para sumergirme totalmente en el mundo de Violet y Xaden la semana que viene. He decidido compartirlo con vosotras para que podáis tener la misma experiencia y podáis añadir a vuestra estantería una pieza super especial y única de colección. 
Esta edición de marcapáginas es limitada, solo haré 5 ejemplares, así que si os interesa no dudéis en reservarlo por mensaje directo antes de que se agoten!!
❣️✨","Photo by Cozy Tales | Productos literarios on January 15, 2025. May be an image of book, candle and text.","","0","1350","1080","https://scontent-ord5-2.cdninstagram.com/v/t51.2885-15/473648505_17852666559372022_7386512391704548698_n.webp?stp=dst-jpg_e35_p1080x1080_sh0.08_tt6&_nc_ht=scontent-ord5-2.cdninstagram.com&_nc_cat=110&_nc_oc=Q6cZ2AFmwYpPNArc1XtTNJJ11CI3ysyutKBw6T7OhndaQofsWQndOBi0O_aPjYOUlVeOJa0&_nc_ohc=gzZhqcnXAYUQ7kNvgHJotzW&_nc_gid=b343a97038c54db586f58e5b2ab592d2&edm=AOQ1c0wBAAAA&ccb=7-5&ig_cache_key=MzU0NjEwMjE2NTkzMzE2MjU3OQ%3D%3D.3-ccb7-5&oh=00_AYD-71LZP4FpxAKHwRTBOdyczrklu8QMItpT2WoXcyeErA&oe=67BE99E5&_nc_sid=8b3546","","3546102165933162579",,"71096492021","cozytales_books","DE2SSHBsIBT",,"Image","https://www.instagram.com/p/DE2SSHBsIBT/","Photo by Cozy Tales | Productos literarios on January 15, 2025. May be an image of owl, candle, book and text.","","0","1350","1080","https://scontent-ord5-2.cdninstagram.com/v/t51.2885-15/473719732_17852666568372022_1387583581978591551_n.webp?stp=dst-jpg_e35_p1080x1080_sh0.08_tt6&_nc_ht=scontent-ord5-2.cdninstagram.com&_nc_cat=110&_nc_oc=Q6cZ2AFmwYpPNArc1XtTNJJ11CI3ysyutKBw6T7OhndaQofsWQndOBi0O_aPjYOUlVeOJa0&_nc_ohc=_ssIeuUOBOYQ7kNvgEJHSZR&_nc_gid=b343a97038c54db586f58e5b2ab592d2&edm=AOQ1c0wBAAAA&ccb=7-5&ig_cache_key=MzU0NjEwMjE2NTkwODE2ODc2Mg%3D%3D.3-ccb7-5&oh=00_AYCZrBJXZPEhqur8j3tFK1rmzHI68pagQ_zqJMUbrRytog&oe=67BEB421&_nc_sid=8b3546","","3546102165908168762",,"71096492021","cozytales_books","DE2SSHAMyA6",,"Image","https://www.instagram.com/p/DE2SSHAMyA6/","4","1350","1080","https://scontent-ord5-2.cdninstagram.com/v/t51.2885-15/473648505_17852666559372022_7386512391704548698_n.webp?stp=dst-jpg_e35_p1080x1080_sh0.08_tt6&_nc_ht=scontent-ord5-2.cdninstagram.com&_nc_cat=110&_nc_oc=Q6cZ2AFmwYpPNArc1XtTNJJ11CI3ysyutKBw6T7OhndaQofsWQndOBi0O_aPjYOUlVeOJa0&_nc_ohc=gzZhqcnXAYUQ7kNvgHJotzW&_nc_gid=b343a97038c54db586f58e5b2ab592d2&edm=AOQ1c0wBAAAA&ccb=7-5&ig_cache_key=MzU0NjEwMjE2NTkzMzE2MjU3OQ%3D%3D.3-ccb7-5&oh=00_AYD-71LZP4FpxAKHwRTBOdyczrklu8QMItpT2WoXcyeErA&oe=67BE99E5&_nc_sid=8b3546","3546102171310411307","https://scontent-ord5-2.cdninstagram.com/v/t51.2885-15/473648505_17852666559372022_7386512391704548698_n.webp?stp=dst-jpg_e35_p1080x1080_sh0.08_tt6&_nc_ht=scontent-ord5-2.cdninstagram.com&_nc_cat=110&_nc_oc=Q6cZ2AFmwYpPNArc1XtTNJJ11CI3ysyutKBw6T7OhndaQofsWQndOBi0O_aPjYOUlVeOJa0&_nc_ohc=gzZhqcnXAYUQ7kNvgHJotzW&_nc_gid=b343a97038c54db586f58e5b2ab592d2&edm=AOQ1c0wBAAAA&ccb=7-5&ig_cache_key=MzU0NjEwMjE2NTkzMzE2MjU3OQ%3D%3D.3-ccb7-5&oh=00_AYD-71LZP4FpxAKHwRTBOdyczrklu8QMItpT2WoXcyeErA&oe=67BE99E5&_nc_sid=8b3546","https://scontent-ord5-2.cdninstagram.com/v/t51.2885-15/473719732_17852666568372022_1387583581978591551_n.webp?stp=dst-jpg_e35_p1080x1080_sh0.08_tt6&_nc_ht=scontent-ord5-2.cdninstagram.com&_nc_cat=110&_nc_oc=Q6cZ2AFmwYpPNArc1XtTNJJ11CI3ysyutKBw6T7OhndaQofsWQndOBi0O_aPjYOUlVeOJa0&_nc_ohc=_ssIeuUOBOYQ7kNvgEJHSZR&_nc_gid=b343a97038c54db586f58e5b2ab592d2&edm=AOQ1c0wBAAAA&ccb=7-5&ig_cache_key=MzU0NjEwMjE2NTkwODE2ODc2Mg%3D%3D.3-ccb7-5&oh=00_AYCZrBJXZPEhqur8j3tFK1rmzHI68pagQ_zqJMUbrRytog&oe=67BEB421&_nc_sid=8b3546","59","71096492021","cozytales_books","DE2SSMCMs4r","2025-01-15T13:39:02.000Z","Sidecar","https://www.instagram.com/p/DE2SSMCMs4r/","24","false","https://scontent-ord5-2.cdninstagram.com/v/t51.2885-19/469298575_1150043713357563_390756163301077266_n.jpg?stp=dst-jpg_e0_s150x150_tt6&_nc_ht=scontent-ord5-2.cdninstagram.com&_nc_cat=103&_nc_oc=Q6cZ2AFmwYpPNArc1XtTNJJ11CI3ysyutKBw6T7OhndaQofsWQndOBi0O_aPjYOUlVeOJa0&_nc_ohc=o43maO7Y9o8Q7kNvgEYlIqX&_nc_gid=b343a97038c54db586f58e5b2ab592d2&edm=AOQ1c0wBAAAA&ccb=7-5&oh=00_AYAkhJFx2zIhknsGnBNOuJpYBUAxG7tufjuz7UN1FOSlHw&oe=67BEABEC&_nc_sid=8b3546","https://scontent-ord5-2.cdninstagram.com/v/t51.2885-19/469298575_1150043713357563_390756163301077266_n.jpg?stp=dst-jpg_s320x320_tt6&_nc_ht=scontent-ord5-2.cdninstagram.com&_nc_cat=103&_nc_oc=Q6cZ2AFmwYpPNArc1XtTNJJ11CI3ysyutKBw6T7OhndaQofsWQndOBi0O_aPjYOUlVeOJa0&_nc_ohc=o43maO7Y9o8Q7kNvgEYlIqX&_nc_gid=b343a97038c54db586f58e5b2ab592d2&edm=AOQ1c0wBAAAA&ccb=7-5&oh=00_AYApPPq8PqvgLPSFp6nqDLIGgyyPruaTIsbYrxex3Yep5g&oe=67BEABEC&_nc_sid=8b3546","https://www.instagram.com/cozytales_books","cozytales_books","false"
