,usuarios,url
0,,
1,leercomopetitpleasure,https://www.instagram.com/leercomopetitpleasure/
2,julia_books04,https://www.instagram.com/julia_books04/
3,cozytales_books,https://www.instagram.com/cozytales_books/
4,loslibrosdeandrea,https://www.instagram.com/loslibrosdeandrea/
5,booksbyhoneydukes,https://www.instagram.com/booksbyhoneydukes/
6,elvisisreading,https://www.instagram.com/elvisisreading/
7,luciawrotehere,https://www.instagram.com/luciawrotehere/
8,uda_liburuartean,https://www.instagram.com/uda_liburuartean/
9,the.bookis.girl,https://www.instagram.com/the.bookis.girl/
10,samantavuks,https://www.instagram.com/samantavuks/
11,x,https://www.instagram.com/x/
12,lavidaendrama,https://www.instagram.com/lavidaendrama/
13,i.bookstagrammer,https://www.instagram.com/i.bookstagrammer/
14,eternal_autumnabooks,https://www.instagram.com/eternal_autumnabooks/
15,oxodiaxoias,https://www.instagram.com/oxodiaxoias/
16,vientonorteeditorial,https://www.instagram.com/vientonorteeditorial/
17,nicolas.diez.barros,https://www.instagram.com/nicolas.diez.barros/
18,gemss_ps,https://www.instagram.com/gemss_ps/
19,aity.books,https://www.instagram.com/aity.books/
20,momitalectora,https://www.instagram.com/momitalectora/
21,siescribo,https://www.instagram.com/siescribo/
22,soyrociosierrabooks,https://www.instagram.com/soyrociosierrabooks/
23,lexa.libros_11,https://www.instagram.com/lexa.libros_11/
24,labibliotecadelorena_,https://www.instagram.com/labibliotecadelorena_/
25,loslibrosdemirii,https://www.instagram.com/loslibrosdemirii/
26,andreabooks15,https://www.instagram.com/andreabooks15/
27,mskarmaisabook,https://www.instagram.com/mskarmaisabook/
28,aroalovesreading,https://www.instagram.com/aroalovesreading/
29,asteriereads,https://www.instagram.com/asteriereads/
30,callmereader_,https://www.instagram.com/callmereader_/
31,paulitabooks,https://www.instagram.com/paulitabooks/
32,read.is.wonder,https://www.instagram.com/read.is.wonder/
33,carlabookish,https://www.instagram.com/carlabookish/
34,rustibook,https://www.instagram.com/rustibook/
35,sorayacortes.coach,https://www.instagram.com/sorayacortes.coach/
36,concubinachilena,https://www.instagram.com/concubinachilena/
37,liaa_books,https://www.instagram.com/liaa_books/
38,mariaponcefantasy,https://www.instagram.com/mariaponcefantasy/
39,un.amor.inesperado,https://www.instagram.com/un.amor.inesperado/
40,booksmagic22,https://www.instagram.com/booksmagic22/
41,libroterapeuta,https://www.instagram.com/libroterapeuta/
42,itsandreabooks,https://www.instagram.com/itsandreabooks/
43,refugio_entre_libros_y_cafe,https://www.instagram.com/refugio_entre_libros_y_cafe/
44,elenaa.reads,https://www.instagram.com/elenaa.reads/
45,eli.bookss,https://www.instagram.com/eli.bookss/
46,bookcornerbyjudith,https://www.instagram.com/bookcornerbyjudith/
47,sephorabooks_,https://www.instagram.com/sephorabooks_/
48,josedommart,https://www.instagram.com/josedommart/
49,patritasbooks,https://www.instagram.com/patritasbooks/
50,_cecibooks_,https://www.instagram.com/_cecibooks_/
51,butterboooks,https://www.instagram.com/butterboooks/
52,cajadepandora.crochet,https://www.instagram.com/cajadepandora.crochet/
53,marien_libros79,https://www.instagram.com/marien_libros79/
54,literariobosque,https://www.instagram.com/literariobosque/
55,_books.tea,https://www.instagram.com/_books.tea/
56,solo_un_capitulo,https://www.instagram.com/solo_un_capitulo/
57,libros_books_gdl,https://www.instagram.com/libros_books_gdl/
58,berriesbella02,https://www.instagram.com/berriesbella02/
59,teen.readers_,https://www.instagram.com/teen.readers_/
60,guerilus.o,https://www.instagram.com/guerilus.o/
61,mimuymiabooks,https://www.instagram.com/mimuymiabooks/
62,beatrizscozyreadingnook,https://www.instagram.com/beatrizscozyreadingnook/
63,carlobooks,https://www.instagram.com/carlobooks/
64,ninasarmchair,https://www.instagram.com/ninasarmchair/
65,rincondepatrii,https://www.instagram.com/rincondepatrii/
66,entrelineasyparentesis,https://www.instagram.com/entrelineasyparentesis/
67,henrybrooks.novela,https://www.instagram.com/henrybrooks.novela/
68,leyendoconand,https://www.instagram.com/leyendoconand/
69,enelrincondesasha,https://www.instagram.com/enelrincondesasha/
70,velariaabooks,https://www.instagram.com/velariaabooks/
71,labibliotecadeanniee,https://www.instagram.com/labibliotecadeanniee/
72,lee.con.lau,https://www.instagram.com/lee.con.lau/
73,matilda_cozy_books,https://www.instagram.com/matilda_cozy_books/
74,ivory_hawkethrone,https://www.instagram.com/ivory_hawkethrone/
75,chiqui__books,https://www.instagram.com/chiqui__books/
76,paseoentrelibros,https://www.instagram.com/paseoentrelibros/
77,laindependientelibreria,https://www.instagram.com/laindependientelibreria/
78,lalokadeloslibros_84,https://www.instagram.com/lalokadeloslibros_84/
79,elizabeth_sea_escritora,https://www.instagram.com/elizabeth_sea_escritora/
80,labibliotecadecarolina,https://www.instagram.com/labibliotecadecarolina/
81,boo.kscoffe,https://www.instagram.com/boo.kscoffe/
82,la_huella_del_libro,https://www.instagram.com/la_huella_del_libro/
83,lunasayanaramirez,https://www.instagram.com/lunasayanaramirez/
84,luisrodriguez3901,https://www.instagram.com/luisrodriguez3901/
85,josemariablanco01,https://www.instagram.com/josemariablanco01/
86,galloway_reads,https://www.instagram.com/galloway_reads/
87,pauchibooks,https://www.instagram.com/pauchibooks/
88,booksjrm,https://www.instagram.com/booksjrm/
89,mandymelody00,https://www.instagram.com/mandymelody00/
90,librosyotrosdilemas,https://www.instagram.com/librosyotrosdilemas/
91,onixysombras,https://www.instagram.com/onixysombras/
92,soyunacelga,https://www.instagram.com/soyunacelga/
93,evalispm,https://www.instagram.com/evalispm/
94,al_faro.libreria,https://www.instagram.com/al_faro.libreria/
95,bookbynere,https://www.instagram.com/bookbynere/
96,anientrelibrosymates,https://www.instagram.com/anientrelibrosymates/
97,miriam.books23,https://www.instagram.com/miriam.books23/
98,los_libros_de_sand,https://www.instagram.com/los_libros_de_sand/
99,mairalegod,https://www.instagram.com/mairalegod/
100,ambientologa_lectora,https://www.instagram.com/ambientologa_lectora/
101,monirbooks,https://www.instagram.com/monirbooks/
102,itsmartha.books,https://www.instagram.com/itsmartha.books/
103,bookishegn,https://www.instagram.com/bookishegn/
104,jorgelgreco,https://www.instagram.com/jorgelgreco/
105,albarrdelamo,https://www.instagram.com/albarrdelamo/
106,unmundo.entreletras,https://www.instagram.com/unmundo.entreletras/
107,fallintodreamm,https://www.instagram.com/fallintodreamm/
108,alma_libr0s,https://www.instagram.com/alma_libr0s/
109,xcarol93,https://www.instagram.com/xcarol93/
110,leo_tantocomopuedo,https://www.instagram.com/leo_tantocomopuedo/
111,lunalada_escritora,https://www.instagram.com/lunalada_escritora/
112,andar.entre.libros,https://www.instagram.com/andar.entre.libros/
113,the.serenepen,https://www.instagram.com/the.serenepen/
114,yasmiiinbooks,https://www.instagram.com/yasmiiinbooks/
115,booksncr,https://www.instagram.com/booksncr/
116,algarin.books,https://www.instagram.com/algarin.books/
117,accion_poetica2422,https://www.instagram.com/accion_poetica2422/
118,julsbooksss,https://www.instagram.com/julsbooksss/
119,ivanodelarosa,https://www.instagram.com/ivanodelarosa/
120,fangirleoliterario,https://www.instagram.com/fangirleoliterario/
121,la_cuenta_del_libro_,https://www.instagram.com/la_cuenta_del_libro_/
122,florecerdelaconsciencia,https://www.instagram.com/florecerdelaconsciencia/
123,minerva.grau,https://www.instagram.com/minerva.grau/
124,moreereads,https://www.instagram.com/moreereads/
125,rincones_fantasticos,https://www.instagram.com/rincones_fantasticos/
126,salmarina.esp,https://www.instagram.com/salmarina.esp/
127,decronopiosyquijotes,https://www.instagram.com/decronopiosyquijotes/
128,angelalopezautora,https://www.instagram.com/angelalopezautora/
129,glz_shay,https://www.instagram.com/glz_shay/
130,bookslauiv,https://www.instagram.com/bookslauiv/
131,lacomunidad_delos_libros,https://www.instagram.com/lacomunidad_delos_libros/
132,alejandraentreletras,https://www.instagram.com/alejandraentreletras/
133,sagalossagrados,https://www.instagram.com/sagalossagrados/
134,estanteria.deandrea,https://www.instagram.com/estanteria.deandrea/
135,unrinconconalma,https://www.instagram.com/unrinconconalma/
136,inmalvsbooks,https://www.instagram.com/inmalvsbooks/
137,ahora.que.revista,https://www.instagram.com/ahora.que.revista/
138,lecturasconjuntas2025,https://www.instagram.com/lecturasconjuntas2025/
139,recomend_books.es,https://www.instagram.com/recomend_books.es/
140,cris_nandhezzer,https://www.instagram.com/cris_nandhezzer/
141,infinitosbooks_,https://www.instagram.com/infinitosbooks_/
142,losqueleemos__,https://www.instagram.com/losqueleemos__/
143,miguel.angel.jordan,https://www.instagram.com/miguel.angel.jordan/
144,frases_celebres1518,https://www.instagram.com/frases_celebres1518/
145,_.bookfly._,https://www.instagram.com/_.bookfly._/
146,kangeli_books,https://www.instagram.com/kangeli_books/
147,iraibooks,https://www.instagram.com/iraibooks/
148,sara_lis_1983,https://www.instagram.com/sara_lis_1983/
149,rincondelectorr,https://www.instagram.com/rincondelectorr/
150,criisbook_,https://www.instagram.com/criisbook_/
151,the_froggy_reader,https://www.instagram.com/the_froggy_reader/
152,viajarbooks_,https://www.instagram.com/viajarbooks_/
153,meribeasbooks,https://www.instagram.com/meribeasbooks/
154,dralatteandbooks,https://www.instagram.com/dralatteandbooks/
155,vivi.bookscl,https://www.instagram.com/vivi.bookscl/
156,inmaysuslibros,https://www.instagram.com/inmaysuslibros/
157,_ladywithbooks,https://www.instagram.com/_ladywithbooks/
158,exposito_abril,https://www.instagram.com/exposito_abril/
159,agustingilperales,https://www.instagram.com/agustingilperales/
160,sosvibra,https://www.instagram.com/sosvibra/
161,lectorasantonimas,https://www.instagram.com/lectorasantonimas/
162,bibliotecaparati,https://www.instagram.com/bibliotecaparati/
163,harunaasbooks,https://www.instagram.com/harunaasbooks/
164,angeromantasy,https://www.instagram.com/angeromantasy/
165,maryreadanddrink,https://www.instagram.com/maryreadanddrink/
166,bookss_are_homee,https://www.instagram.com/bookss_are_homee/
167,noahbg17,https://www.instagram.com/noahbg17/
168,lapequelectora,https://www.instagram.com/lapequelectora/
169,a_bookados,https://www.instagram.com/a_bookados/
170,leyendoleyendoleyendo,https://www.instagram.com/leyendoleyendoleyendo/
171,salora_books,https://www.instagram.com/salora_books/
172,laliessadeloslibros,https://www.instagram.com/laliessadeloslibros/
173,clarii.books,https://www.instagram.com/clarii.books/
174,los_libros_de_sus1mar,https://www.instagram.com/los_libros_de_sus1mar/
175,edgarlgrimwood,https://www.instagram.com/edgarlgrimwood/
176,mayisbooks,https://www.instagram.com/mayisbooks/
177,luciandbooks_,https://www.instagram.com/luciandbooks_/
178,aylu.libros,https://www.instagram.com/aylu.libros/
179,hache_intercalada,https://www.instagram.com/hache_intercalada/
180,booksbyela,https://www.instagram.com/booksbyela/
181,booksriri,https://www.instagram.com/booksriri/
182,carreralaia,https://www.instagram.com/carreralaia/
183,booksby.alee,https://www.instagram.com/booksby.alee/
184,valeysuslibros,https://www.instagram.com/valeysuslibros/
185,reader.cris,https://www.instagram.com/reader.cris/
186,martabookaholic,https://www.instagram.com/martabookaholic/
187,_hechizosliterarios_,https://www.instagram.com/_hechizosliterarios_/
188,booksbypaula__,https://www.instagram.com/booksbypaula__/
189,booksandcoffee_2,https://www.instagram.com/booksandcoffee_2/
190,mislecturasconcafe,https://www.instagram.com/mislecturasconcafe/
191,maarbooks__,https://www.instagram.com/maarbooks__/
192,elmseld.on.a.bookshelf,https://www.instagram.com/elmseld.on.a.bookshelf/
193,xmaawii,https://www.instagram.com/xmaawii/
194,marcadocomoleido,https://www.instagram.com/marcadocomoleido/
195,bigworldpublishing,https://www.instagram.com/bigworldpublishing/
196,candy.crochet.bo,https://www.instagram.com/candy.crochet.bo/
197,moon.chapter,https://www.instagram.com/moon.chapter/
198,caarlaa.books,https://www.instagram.com/caarlaa.books/
199,sergi_jos,https://www.instagram.com/sergi_jos/
200,unadespegada,https://www.instagram.com/unadespegada/
201,perich.books,https://www.instagram.com/perich.books/
202,sarate.books,https://www.instagram.com/sarate.books/
203,elinlibertad,https://www.instagram.com/elinlibertad/
204,booklover6308,https://www.instagram.com/booklover6308/
205,crisreadingbooks,https://www.instagram.com/crisreadingbooks/
206,sandrabookworld,https://www.instagram.com/sandrabookworld/
207,mariana.milan_escritora,https://www.instagram.com/mariana.milan_escritora/
208,bookscatsandcoffeeuy,https://www.instagram.com/bookscatsandcoffeeuy/
209,sansfictions,https://www.instagram.com/sansfictions/
210,sarubookloverr,https://www.instagram.com/sarubookloverr/
211,anarzgrislookingforbooks,https://www.instagram.com/anarzgrislookingforbooks/
212,podcastlibroslibres,https://www.instagram.com/podcastlibroslibres/
213,bookswithscentt,https://www.instagram.com/bookswithscentt/
214,booksrulitos,https://www.instagram.com/booksrulitos/
215,lilibythblioteca,https://www.instagram.com/lilibythblioteca/
216,faheyliterature,https://www.instagram.com/faheyliterature/
217,maariafag,https://www.instagram.com/maariafag/
218,uncafealsol__,https://www.instagram.com/uncafealsol__/
219,robooksss,https://www.instagram.com/robooksss/
220,witchy_reader_,https://www.instagram.com/witchy_reader_/
221,books_withkim,https://www.instagram.com/books_withkim/
222,autumn_booklover09,https://www.instagram.com/autumn_booklover09/
223,suiterebeca,https://www.instagram.com/suiterebeca/
224,rmorlesin,https://www.instagram.com/rmorlesin/
225,labibliotecade_natalia,https://www.instagram.com/labibliotecade_natalia/
226,librosconcriss,https://www.instagram.com/librosconcriss/
227,los.libros.de.blanca,https://www.instagram.com/los.libros.de.blanca/
228,biblionoe,https://www.instagram.com/biblionoe/
229,andreagomez_autora,https://www.instagram.com/andreagomez_autora/
230,_andreavillar_,https://www.instagram.com/_andreavillar_/
231,annsjournaal_,https://www.instagram.com/annsjournaal_/
232,pearlbooklover,https://www.instagram.com/pearlbooklover/
233,cristinamarben,https://www.instagram.com/cristinamarben/
234,estelibromeloapunto,https://www.instagram.com/estelibromeloapunto/
235,emisbookss,https://www.instagram.com/emisbookss/
236,calminspiremagic,https://www.instagram.com/calminspiremagic/
237,eloraculodeloslibros,https://www.instagram.com/eloraculodeloslibros/
238,moonage_creatrix,https://www.instagram.com/moonage_creatrix/
239,atelierdepilu,https://www.instagram.com/atelierdepilu/
240,acourtfrombloodandash,https://www.instagram.com/acourtfrombloodandash/
241,thetreetravel,https://www.instagram.com/thetreetravel/
242,wickedly.divine.books,https://www.instagram.com/wickedly.divine.books/
243,lavozdesagaz,https://www.instagram.com/lavozdesagaz/
244,bookscovenant,https://www.instagram.com/bookscovenant/
245,celestiallitera,https://www.instagram.com/celestiallitera/
246,unmundodelibros._,https://www.instagram.com/unmundodelibros._/
247,caws_books,https://www.instagram.com/caws_books/
248,leeressonyarbybrigittegollart,https://www.instagram.com/leeressonyarbybrigittegollart/
249,2gotasdelibros,https://www.instagram.com/2gotasdelibros/
250,worldhoppersisters,https://www.instagram.com/worldhoppersisters/
251,pandorabooks2025,https://www.instagram.com/pandorabooks2025/
252,books.hipotenusa,https://www.instagram.com/books.hipotenusa/
253,elbarriolee,https://www.instagram.com/elbarriolee/
254,pedagogolector_,https://www.instagram.com/pedagogolector_/
255,m_jose_luna_psicologa,https://www.instagram.com/m_jose_luna_psicologa/
256,enchantedfanny,https://www.instagram.com/enchantedfanny/
257,mariientreletrascomasypuntos97,https://www.instagram.com/mariientreletrascomasypuntos97/
258,meabriunvinito,https://www.instagram.com/meabriunvinito/
259,bookstriz__,https://www.instagram.com/bookstriz__/
260,mariaontiverosoficial,https://www.instagram.com/mariaontiverosoficial/
261,lecturacon_vicky,https://www.instagram.com/lecturacon_vicky/
262,paulabuaaxx,https://www.instagram.com/paulabuaaxx/
263,kasi_books0,https://www.instagram.com/kasi_books0/
264,bylaura.books,https://www.instagram.com/bylaura.books/
265,soy_una_lectorette,https://www.instagram.com/soy_una_lectorette/
266,lauriss_books,https://www.instagram.com/lauriss_books/
267,meybookss,https://www.instagram.com/meybookss/
268,leyendoentrebambalinas,https://www.instagram.com/leyendoentrebambalinas/
269,alba.buks,https://www.instagram.com/alba.buks/
270,tranquilidad.360,https://www.instagram.com/tranquilidad.360/
271,escritora_de_lo_real,https://www.instagram.com/escritora_de_lo_real/
272,anatdream,https://www.instagram.com/anatdream/
273,sebastian.editorial.dunken,https://www.instagram.com/sebastian.editorial.dunken/
274,lucianatupsicologa,https://www.instagram.com/lucianatupsicologa/
275,_carlybooks_,https://www.instagram.com/_carlybooks_/
276,themanuscript_bookshelf,https://www.instagram.com/themanuscript_bookshelf/
277,nona_entre_paginas,https://www.instagram.com/nona_entre_paginas/
278,l4dyh0lmes,https://www.instagram.com/l4dyh0lmes/
279,gallegadeloslibros,https://www.instagram.com/gallegadeloslibros/
280,dianaabuin.c,https://www.instagram.com/dianaabuin.c/
281,nanha3116,https://www.instagram.com/nanha3116/
282,arianafrancc,https://www.instagram.com/arianafrancc/
283,elenagar.author,https://www.instagram.com/elenagar.author/
284,damarisorissasoyarte,https://www.instagram.com/damarisorissasoyarte/
285,cuentosencafe,https://www.instagram.com/cuentosencafe/
286,entrelibros_explore,https://www.instagram.com/entrelibros_explore/
287,books_by_mia13,https://www.instagram.com/books_by_mia13/
288,elrincondemarlau,https://www.instagram.com/elrincondemarlau/
289,loslibrosdegra,https://www.instagram.com/loslibrosdegra/
290,latte_readsbooks,https://www.instagram.com/latte_readsbooks/
291,aidilibros,https://www.instagram.com/aidilibros/
292,rikku_libros,https://www.instagram.com/rikku_libros/
293,trama_viva_67,https://www.instagram.com/trama_viva_67/
294,_somethingtoread_27,https://www.instagram.com/_somethingtoread_27/
295,camicadis_books,https://www.instagram.com/camicadis_books/
296,tatalia_lee,https://www.instagram.com/tatalia_lee/
297,gemitabooks,https://www.instagram.com/gemitabooks/
298,caro_books_,https://www.instagram.com/caro_books_/
299,miniikaty,https://www.instagram.com/miniikaty/
300,mery_bookreads,https://www.instagram.com/mery_bookreads/
301,los.libros.de.paula,https://www.instagram.com/los.libros.de.paula/
302,franco.fenix_,https://www.instagram.com/franco.fenix_/
303,mimundolibros,https://www.instagram.com/mimundolibros/
